Date,AVD,DD,OLN,VMC,FMC,NEM,PPG,ASH,CDE,AA,CLF,APD,CMC,HL,NUE,SHW,SCL,FUL,AGI,IFF,NEU,VHI,CBT,GLT,SXT,KWR,RPM,ECL,X,SMG,MTX,UFPI,EMN,ALB,MLM,EXP,SSD,RS,WDFC,FCX,CENX,LIN,STLD,SKE,CMP,KRO
2005-01-03,12.246387481689453,39.20645523071289,10.79033088684082,41.34443664550781,8.015019416809082,29.266857147216797,21.664794921875,17.181913375854492,37.79999923706055,59.066036224365234,10.105451583862305,33.42205047607422,7.797832489013672,5.254920959472656,14.181591987609863,11.192264556884766,8.70031452178955,11.152861595153809,2.638904333114624,26.987382888793945,14.35064697265625,16.839567184448242,23.99820327758789,9.095305442810059,14.951665878295898,15.619977951049805,11.47761058807373,28.367053985595703,42.30803298950195,20.53982925415039,31.1727294921875,12.520598411560059,17.748167037963867,14.747446060180664,42.05467987060547,23.68879508972168,26.80790138244629,14.341866493225098,19.29604148864746,11.907125473022461,26.329999923706055,31.29262351989746,6.146604537963867,90.0,13.074252128601074,9.80950927734375
2005-01-04,11.757207870483398,38.35826110839844,10.44467830657959,40.8783073425293,7.658685684204102,28.721046447753906,21.17513656616211,16.68938636779785,36.099998474121094,57.99870300292969,9.835304260253906,32.7829704284668,7.873898983001709,5.208336353302002,14.088814735412598,11.06035327911377,8.711170196533203,10.917237281799316,2.427791118621826,26.21814727783203,14.468523979187012,16.679189682006836,23.201801300048828,8.901144981384277,14.351317405700684,15.7710542678833,11.293259620666504,28.006336212158203,41.84451675415039,19.79349708557129,30.75823402404785,12.353351593017578,16.165388107299805,14.146697044372559,41.07554626464844,23.24305534362793,26.26624870300293,14.168384552001953,19.220367431640625,11.436725616455078,25.399999618530273,30.8443660736084,6.160187244415283,90.0,12.75068473815918,9.904513359069824
2005-01-05,11.571656227111816,37.969852447509766,10.234282493591309,40.73847198486328,7.4982476234436035,28.790142059326172,20.875526428222656,16.483417510986328,35.900001525878906,57.65565490722656,9.577166557312012,32.81175231933594,7.634620189666748,5.1710662841796875,13.965134620666504,10.903074264526367,8.537525177001953,10.63841438293457,2.4014031887054443,26.186094284057617,14.335912704467773,16.615032196044922,22.64997100830078,8.440008163452148,14.319719314575195,15.514883995056152,10.924546241760254,27.735782623291016,41.92178726196289,19.2145938873291,30.098798751831055,12.165916442871094,15.985740661621094,13.805630683898926,41.059505462646484,22.511363983154297,25.74029541015625,14.104279518127441,19.345094680786133,11.305526733398438,24.709999084472656,30.218233108520508,6.109246730804443,90.0,12.487447738647461,9.88502311706543
2005-01-06,11.537917137145996,38.40584182739258,10.264338493347168,40.85500717163086,7.621529579162598,28.741756439208984,21.17190170288086,16.67445182800293,35.0,57.90339660644531,9.995390892028809,33.01325607299805,7.83269739151001,5.068577766418457,13.830201148986816,10.910685539245605,8.447081565856934,10.697319984436035,2.4014031887054443,26.33353042602539,14.13700008392334,16.764719009399414,22.919612884521484,8.60383415222168,14.484029769897461,15.350683212280273,11.049432754516602,27.817766189575195,41.62993621826172,19.538097381591797,30.470909118652344,12.174565315246582,16.32025909423828,14.07305908203125,40.92306900024414,23.03559684753418,25.551898956298828,14.047710418701172,19.192655563354492,11.289525032043457,24.299999237060547,30.517066955566406,6.015861988067627,90.0,12.476481437683105,9.926437377929688
2005-01-07,11.345620155334473,38.041194915771484,10.324446678161621,41.06477737426758,7.5961995124816895,28.672679901123047,21.27499771118164,16.507305145263672,35.29999923706055,58.4942626953125,10.227516174316406,33.19175720214844,7.780406951904297,5.049943923950195,13.866747856140137,10.837114334106445,8.349408149719238,10.473471641540527,2.4014031887054443,26.538654327392578,13.776031494140625,16.647106170654297,22.706403732299805,8.518349647521973,14.155414581298828,15.107629776000977,11.001858711242676,27.653799057006836,41.89604568481445,19.697011947631836,30.14589500427246,11.453666687011719,16.18706703186035,14.123443603515625,40.634132385253906,22.687969207763672,25.120147705078125,13.757328987121582,20.051820755004883,11.398323059082031,24.850000381469727,30.509960174560547,6.114339828491211,95.0,12.26807975769043,9.865535736083984
2005-01-10,11.38610553741455,38.604007720947266,10.449689865112305,41.22013854980469,7.5624237060546875,28.78322410583496,21.216997146606445,16.623708724975586,36.599998474121094,58.07494354248047,10.449634552001953,33.21477127075195,8.143282890319824,5.208336353302002,14.032597541809082,10.9436616897583,8.392818450927734,10.642338752746582,2.577329635620117,26.871992111206055,14.365378379821777,16.786100387573242,22.66878890991211,8.585515975952148,14.370280265808105,15.114204406738281,11.138635635375977,27.899757385253906,42.05054473876953,19.750938415527344,30.240093231201172,11.753559112548828,16.221141815185547,14.018790245056152,40.44955825805664,23.04961585998535,25.67749786376953,13.991143226623535,20.211179733276367,11.33752727508545,24.639999389648438,30.403221130371094,6.110945224761963,95.0,12.174847602844238,9.994640350341797
2005-01-11,11.301761627197266,37.81132125854492,10.339478492736816,41.375511169433594,7.4982476234436035,29.322147369384766,21.03660774230957,16.766990661621094,36.79999923706055,56.512054443359375,10.173486709594727,32.616004943847656,8.043452262878418,5.310825824737549,13.594084739685059,10.882777214050293,8.392818450927734,10.591290473937988,2.762052059173584,26.564302444458008,14.254878044128418,16.615032196044922,22.25491714477539,8.536663055419922,14.142778396606445,15.160183906555176,10.639094352722168,27.670198440551758,39.77589797973633,19.481340408325195,29.811471939086914,11.358508110046387,16.078657150268555,13.875393867492676,40.441524505615234,22.634706497192383,25.363500595092773,13.68567180633545,20.425973892211914,11.379128456115723,23.989999771118164,30.324962615966797,5.769655227661133,95.0,12.026777267456055,9.987332344055176
2005-01-12,10.964396476745605,38.326568603515625,10.249308586120605,41.499813079833984,7.533712863922119,29.550127029418945,21.287878036499023,17.041622161865234,36.099998474121094,56.09272384643555,10.08543872833252,33.03628921508789,8.160707473754883,5.199020862579346,13.838639259338379,11.042596817016602,8.465170860290527,10.469550132751465,2.8588130474090576,26.53225326538086,14.291712760925293,16.764719009399414,22.13577651977539,8.335155487060547,14.231253623962402,15.1767578125,10.87298583984375,27.59641456604004,40.745849609375,19.725393295288086,29.613630294799805,11.130702018737793,16.078657150268555,13.859886169433594,40.13654327392578,22.707595825195312,25.30854606628418,13.798811912536621,20.065673828125,11.537032127380371,24.170000076293945,30.48149299621582,5.8800225257873535,95.0,12.026777267456055,10.525673866271973
2005-01-13,10.89692211151123,38.36619186401367,10.169154167175293,41.57746887207031,7.532022476196289,29.218482971191406,21.22667694091797,17.047588348388672,36.0,56.22615051269531,10.305559158325195,32.72538375854492,8.293817520141602,5.1151628494262695,14.170342445373535,10.93858528137207,8.428996086120605,10.394937515258789,2.7004783153533936,26.26302719116211,13.997039794921875,16.839567184448242,22.12322998046875,8.182497024536133,14.029034614562988,15.05078411102295,10.944951057434082,27.252071380615234,41.18358612060547,19.495534896850586,29.29804039001465,11.124934196472168,15.960959434509277,13.681599617004395,40.489681243896484,23.11690330505371,25.15939712524414,13.764866828918457,19.78852653503418,11.685275077819824,24.469999313354492,30.011886596679688,5.985297679901123,95.0,12.087103843688965,10.503752708435059
2005-01-14,10.873309135437012,39.46803283691406,10.464716911315918,42.33103561401367,7.616462707519531,28.928327560424805,21.30076789855957,17.178936004638672,35.900001525878906,56.98854446411133,10.731788635253906,33.21477127075195,8.737505912780762,5.049943923950195,14.701624870300293,11.103477478027344,8.392818450927734,10.516671180725098,2.7092742919921875,26.58993911743164,13.997039794921875,16.582965850830078,22.167129516601562,8.32905101776123,14.319719314575195,15.117088317871094,11.016918182373047,27.59641456604004,43.30372619628906,19.79633140563965,29.39225196838379,11.580544471740723,15.920689582824707,13.204875946044922,41.412628173828125,23.481346130371094,25.983646392822266,13.904404640197754,19.961753845214844,11.798067092895508,25.489999771118164,30.01900291442871,6.280740737915039,95.0,12.130973815917969,10.486700057983398
2005-01-18,11.426587104797363,39.61072540283203,10.594963073730469,42.59516906738281,7.7076544761657715,29.335948944091797,21.329755783081055,17.59683609008789,37.20000076293945,56.74076461791992,10.671756744384766,33.4105339050293,8.553693771362305,5.199020862579346,14.597615242004395,11.192264556884766,8.418146133422852,10.720881462097168,2.674088478088379,26.92328643798828,14.144370079040527,16.871639251708984,22.64997100830078,8.255775451660156,14.5282621383667,14.977849006652832,11.1968412399292,28.047325134277344,43.16638946533203,20.00633430480957,29.87269401550293,11.430595397949219,15.87733268737793,13.344407081604004,41.974430084228516,23.369205474853516,26.101398468017578,14.002463340759277,20.197328567504883,12.310470581054688,25.719999313354492,30.175537109375,6.207732677459717,95.0,12.20226764678955,10.869140625
2005-01-19,11.64250373840332,39.05583953857422,10.499783515930176,42.6728630065918,7.64010763168335,29.239215850830078,21.426410675048828,17.313261032104492,36.29999923706055,55.616241455078125,10.889871597290039,32.926902770996094,8.620392799377441,5.1058478355407715,14.49642276763916,11.014693260192871,8.392818450927734,10.630558967590332,2.674088478088379,26.750200271606445,14.078072547912598,16.754026412963867,22.361522674560547,8.017627716064453,14.250208854675293,15.057414054870605,11.040909767150879,28.08832550048828,43.01188659667969,20.091466903686523,29.65603256225586,11.047078132629395,16.047687530517578,13.208752632141113,41.34842300415039,23.414060592651367,25.638246536254883,13.806355476379395,20.231971740722656,11.975311279296875,25.200000762939453,29.755739212036133,6.231499671936035,95.0,12.07065486907959,10.96170425415039
2005-01-20,11.352363586425781,38.94486618041992,10.429649353027344,42.36212921142578,7.553978443145752,28.85232162475586,21.40385627746582,17.19384765625,36.70000076293945,54.701385498046875,11.182031631469727,33.03054428100586,8.569572448730469,5.1058478355407715,14.27716064453125,11.387596130371094,8.32408618927002,10.5363130569458,2.6213114261627197,26.769433975219727,13.871807098388672,16.59365463256836,22.073068618774414,8.133647918701172,14.218616485595703,14.679482460021973,10.902972221374512,27.981754302978516,43.080543518066406,19.90985107421875,29.36399269104004,11.070147514343262,16.3481388092041,13.181614875793457,40.7545166015625,22.968318939208984,25.716753005981445,13.983603477478027,20.592256546020508,11.852851867675781,24.799999237060547,29.442663192749023,6.104151725769043,95.0,12.03226089477539,10.791189193725586
2005-01-21,11.26802921295166,38.69913101196289,10.45970344543457,42.377655029296875,7.510068416595459,29.36359405517578,21.545610427856445,17.22669219970703,38.099998474121094,55.139747619628906,12.088519096374512,32.685089111328125,8.731562614440918,5.310825824737549,14.507661819458008,11.260759353637695,8.175766944885254,10.544167518615723,2.647700071334839,26.513011932373047,13.886533737182617,16.657804489135742,22.211017608642578,8.017627716064453,14.155414581298828,14.679482460021973,11.088886260986328,27.62920379638672,43.192134857177734,19.762285232543945,29.458187103271484,11.09321403503418,16.487518310546875,13.232006072998047,40.89897918701172,22.87580108642578,25.952247619628906,14.36072063446045,20.751623153686523,12.033321380615234,24.979999542236328,29.27902603149414,6.267158508300781,95.0,12.02129077911377,10.613367080688477
2005-01-24,11.129705429077148,38.15218734741211,10.519821166992188,42.315494537353516,7.332745552062988,29.156307220458984,21.43929672241211,16.907291412353516,38.5,54.911033630371094,12.40669059753418,32.23601531982422,8.572752952575684,5.301508903503418,14.398033142089844,10.76101303100586,7.817623615264893,10.351741790771484,2.7092742919921875,26.230966567993164,13.879164695739746,16.572265625,21.872392654418945,7.950460910797119,13.934240341186523,14.739154815673828,10.89098072052002,27.391447067260742,43.23506164550781,19.433101654052734,29.086084365844727,10.943267822265625,16.410091400146484,13.181614875793457,40.81068801879883,22.985143661499023,25.43414878845215,14.372034072875977,20.793190002441406,12.036543846130371,24.790000915527344,29.22210121154785,6.124531269073486,95.0,12.065163612365723,10.3527193069458
2005-01-25,11.40634536743164,38.6119384765625,10.52983570098877,42.58740234375,7.356385707855225,28.75557518005371,21.742116928100586,17.217731475830078,36.599998474121094,54.0723876953125,12.574783325195312,32.75995635986328,8.614038467407227,5.068577766418457,14.940559387207031,10.908147811889648,8.139585494995117,10.426349639892578,2.6125149726867676,26.1796875,14.151741981506348,16.582965850830078,21.94764518737793,7.987094402313232,13.959519386291504,14.95796012878418,10.896977424621582,27.44883918762207,43.91315460205078,19.325265884399414,29.227392196655273,10.963452339172363,16.419376373291016,13.228130340576172,41.019371032714844,22.707595825195312,25.363500595092773,14.470088958740234,21.13271141052246,11.865744590759277,24.75,29.321704864501953,6.15848970413208,95.0,11.939031600952148,10.576828002929688
2005-01-26,11.537917137145996,38.63570785522461,10.594963073730469,42.7816276550293,7.5016255378723145,29.04575538635254,21.858089447021484,17.689369201660156,37.20000076293945,54.58702850341797,12.40669059753418,33.35871887207031,8.582277297973633,5.254920959472656,14.884339332580566,10.865021705627441,8.208324432373047,10.481330871582031,2.735663414001465,26.32071304321289,14.57165241241455,16.582965850830078,21.953922271728516,8.084796905517578,14.136459350585938,14.898283004760742,11.004923820495605,27.571815490722656,42.951805114746094,18.893930435180664,29.844438552856445,11.26623249053955,16.493715286254883,13.255265235900879,41.72563934326172,22.287092208862305,25.402748107910156,14.556819915771484,21.693937301635742,12.020431518554688,24.979999542236328,29.826892852783203,6.1822590827941895,95.0,11.97741985321045,10.732725143432617
2005-01-27,11.747082710266113,38.49303436279297,10.52983570098877,42.93700408935547,7.4577178955078125,29.08723258972168,21.88064193725586,18.10727882385254,36.400001525878906,55.387516021728516,12.906963348388672,33.22053909301758,8.728386878967285,5.301508903503418,15.27788257598877,10.859953880310059,8.284290313720703,10.44991683959961,2.75325608253479,26.9425048828125,14.365378379821777,16.465354919433594,21.696819305419922,8.072583198547363,14.149092674255371,15.229793548583984,10.88498306274414,27.489835739135742,43.76721954345703,19.393362045288086,30.07524299621582,11.312368392944336,16.592824935913086,13.263012886047363,41.49288558959961,22.166547775268555,26.336898803710938,14.473856925964355,21.652362823486328,11.943090438842773,24.81999969482422,30.296499252319336,6.206030368804932,95.0,11.97193717956543,10.888628005981445
2005-01-28,11.686359405517578,38.98448944091797,11.015753746032715,43.47303009033203,7.836008548736572,29.018129348754883,21.864532470703125,17.895336151123047,35.400001525878906,55.21599197387695,12.66683292388916,33.49114227294922,8.512397766113281,5.133797645568848,15.432489395141602,10.826969146728516,8.389199256896973,10.28890609741211,2.65649676322937,26.94892120361328,14.40221881866455,16.347742080688477,21.408361434936523,8.0420503616333,14.05430793762207,14.865131378173828,10.693066596984863,27.506223678588867,43.750083923339844,19.38202667236328,29.703123092651367,11.260465621948242,16.416276931762695,13.243632316589355,42.857269287109375,22.365581512451172,26.729412078857422,14.349409103393555,22.16509437561035,11.588600158691406,24.34000015258789,30.34630584716797,6.146604537963867,95.0,11.878702163696289,11.236967086791992
2005-01-31,12.135055541992188,39.39670181274414,11.156014442443848,43.87700271606445,7.969419479370117,28.73485565185547,22.157691955566406,18.322202682495117,35.29999923706055,56.24522399902344,13.103065490722656,33.91719055175781,9.179415702819824,5.152433395385742,15.786675453186035,10.958882331848145,8.407289505004883,10.473471641540527,2.65649676322937,27.064308166503906,14.674787521362305,16.390518188476562,21.94764518737793,8.292409896850586,14.376604080200195,15.183389663696289,10.57312297821045,27.58820915222168,44.46249008178711,19.285545349121094,29.429933547973633,11.283533096313477,16.772480010986328,13.607959747314453,43.35485076904297,22.359970092773438,28.181663513183594,14.470088958740234,22.46302604675293,11.862524032592773,24.920000076293945,30.70206642150879,6.418274879455566,95.0,12.048713684082031,11.448896408081055
2005-02-01,12.195779800415039,40.28449630737305,11.656959533691406,43.232208251953125,8.112970352172852,28.6312198638916,22.276893615722656,18.36696434020996,36.599998474121094,56.34050750732422,13.167104721069336,34.17627716064453,9.185768127441406,5.124483585357666,15.747315406799316,10.96649169921875,8.392818450927734,10.497036933898926,2.6125149726867676,27.179689407348633,15.028397560119629,16.379812240600586,21.94764518737793,8.573302268981934,14.477703094482422,15.249689102172852,10.956944465637207,27.8095760345459,44.479671478271484,19.296894073486328,29.250946044921875,11.390228271484375,16.54946517944336,13.720359802246094,43.91664505004883,22.46370506286621,28.354354858398438,14.711435317993164,22.428377151489258,11.946310997009277,25.0,30.70206642150879,6.2841362953186035,95.0,12.05419635772705,11.563384056091309
2005-02-02,12.168794631958008,40.84731674194336,12.027660369873047,43.861454010009766,8.153496742248535,28.71413803100586,22.431514739990234,18.507282257080078,37.599998474121094,56.474613189697266,13.307175636291504,34.22233200073242,9.33187484741211,5.1710662841796875,15.899118423461914,10.97917652130127,8.392818450927734,10.555943489074707,2.550940990447998,27.211742401123047,14.836861610412598,16.422590255737305,21.63412094116211,8.493919372558594,14.484029769897461,15.057414054870605,10.83100414276123,27.801374435424805,45.544002532958984,19.418920516967773,28.638607025146484,11.606496810913086,16.698139190673828,13.78237247467041,44.26176071166992,22.668357849121094,28.42501449584961,14.647327423095703,22.51845932006836,12.136444091796875,25.65999984741211,30.70206642150879,6.674667835235596,95.0,12.152915954589844,11.828902244567871
2005-02-03,12.199153900146484,40.54609298706055,11.82728099822998,44.07897186279297,7.974486351013184,28.244312286376953,22.3735294342041,18.358022689819336,35.900001525878906,55.82325744628906,13.187112808227539,33.888404846191406,9.274703979492188,5.04062557220459,16.01999282836914,11.372381210327148,8.47602367401123,10.410645484924316,2.559736728668213,26.987382888793945,13.908636093139648,16.337053298950195,21.828506469726562,8.469494819641113,14.218616485595703,15.249689102172852,10.842999458312988,27.301271438598633,45.612674713134766,19.154998779296875,28.610342025756836,11.592077255249023,16.695043563842773,13.627337455749512,44.0209846496582,22.88141441345215,29.1236629486084,14.794411659240723,22.338308334350586,12.042986869812012,25.780000686645508,30.588224411010742,6.4810991287231445,95.0,12.185820579528809,11.580434799194336
2005-02-04,12.556769371032715,41.005859375,12.303178787231445,44.661624908447266,8.106209754943848,28.58976173400879,22.663475036621094,18.501298904418945,35.5,56.2639045715332,13.29917049407959,33.968994140625,9.528806686401367,5.003355503082275,15.896305084228516,11.544879913330078,8.472407341003418,10.414572715759277,2.6916816234588623,27.08353042602539,14.181211471557617,16.711265563964844,22.073068618774414,8.634368896484375,14.345004081726074,15.229793548583984,11.118871688842773,27.522624969482422,45.063331604003906,19.172027587890625,28.68099594116211,11.655519485473633,16.791067123413086,13.813380241394043,44.863670349121094,23.13371467590332,29.665327072143555,14.843432426452637,22.691679000854492,11.965644836425781,25.350000381469727,31.399351119995117,6.4980788230896,95.0,12.394216537475586,11.448896408081055
2005-02-07,12.718697547912598,40.894893646240234,12.303178787231445,44.661624908447266,8.067374229431152,28.009416580200195,22.80843734741211,18.402795791625977,33.79999923706055,56.7427864074707,13.489274024963379,34.487178802490234,9.690793991088867,4.779742240905762,16.01717758178711,11.407893180847168,8.537525177001953,10.544167518615723,2.6916816234588623,27.019432067871094,14.39484977722168,16.786100387573242,22.091875076293945,8.52445125579834,14.504032135009766,15.382299423217773,11.130867958068848,26.99791145324707,45.92168426513672,19.231618881225586,28.638607025146484,11.929459571838379,16.834428787231445,13.96841049194336,44.94394302368164,22.87580108642578,29.555421829223633,14.801949501037598,22.920330047607422,11.833520889282227,25.0,31.81916046142578,6.611843109130859,82.5999984741211,12.487447738647461,11.366073608398438
2005-02-08,12.5432710647583,40.4906005859375,12.24761962890625,44.66939163208008,8.042037010192871,27.912683486938477,22.901866912841797,18.3789119720459,33.29999923706055,57.47077178955078,13.40722942352295,34.4929313659668,9.732085227966309,4.835647106170654,16.031232833862305,11.425651550292969,8.56646728515625,10.532383918762207,2.6916816234588623,26.92328643798828,14.601119041442871,17.10685920715332,21.94764518737793,8.420649528503418,14.58036994934082,15.249689102172852,11.07689094543457,27.006101608276367,45.91310501098633,19.469995498657227,28.794048309326172,11.929459571838379,16.787967681884766,14.154450416564941,44.94394302368164,22.864591598510742,29.437671661376953,14.613390922546387,23.16975975036621,11.682052612304688,25.520000457763672,31.755115509033203,6.576186656951904,82.0,13.019410133361816,11.387991905212402
2005-02-09,12.415071487426758,39.85646057128906,11.919334411621094,44.482933044433594,7.871471881866455,27.98177146911621,22.679584503173828,18.19683265686035,34.900001525878906,56.014862060546875,12.930974960327148,34.210819244384766,9.335052490234375,4.900867462158203,15.488715171813965,11.402817726135254,8.436230659484863,10.372652053833008,2.4189956188201904,26.519424438476562,14.564290046691895,16.732643127441406,21.483606338500977,8.243557929992676,14.115984916687012,15.117088317871094,11.136863708496094,26.424022674560547,44.127742767333984,19.04433250427246,28.506715774536133,11.80834674835205,16.71982765197754,14.011041641235352,44.863670349121094,22.508560180664062,28.456417083740234,14.341866493225098,22.005722045898438,11.572484016418457,24.709999084472656,31.29262351989746,6.387712478637695,82.19999694824219,13.189419746398926,10.986067771911621
2005-02-10,12.1620454788208,40.88694381713867,12.055704116821289,44.242103576660156,7.743119716644287,28.596668243408203,22.856767654418945,18.668472290039062,38.400001525878906,56.45545196533203,13.305171966552734,34.49869918823242,9.776554107666016,5.124483585357666,15.8906831741333,11.544879913330078,8.02744197845459,10.360818862915039,2.471774101257324,26.827119827270508,14.181211471557617,16.582965850830078,21.514970779418945,8.243557929992676,14.338641166687012,14.792196273803711,11.208830833435059,26.842144012451172,44.874488830566406,19.135135650634766,28.859981536865234,11.61514663696289,16.843719482421875,14.011041641235352,43.82035827636719,22.52256965637207,28.448575973510742,14.206100463867188,22.379886627197266,11.962419509887695,25.170000076293945,31.548763275146484,6.555810451507568,82.19999694824219,13.430717468261719,10.96170425415039
2005-02-11,12.577001571655273,40.942447662353516,12.232466697692871,44.44411087036133,7.895116329193115,29.107942581176758,22.98561668395996,18.949064254760742,39.900001525878906,57.183406829833984,13.631355285644531,34.9477653503418,9.697150230407715,5.403998374938965,15.997493743896484,11.61336898803711,7.958704948425293,10.274049758911133,2.506957769393921,26.88482093811035,14.070703506469727,16.786100387573242,21.866127014160156,8.200815200805664,14.631268501281738,15.117088317871094,11.28079605102539,27.014301300048828,45.32942581176758,19.532424926757812,29.27449607849121,11.55171012878418,17.19682502746582,13.949034690856934,44.94394302368164,22.542200088500977,28.495670318603516,14.292839050292969,22.788679122924805,12.271798133850098,25.8799991607666,31.904525756835938,6.613537788391113,82.19999694824219,13.820100784301758,11.254019737243652
2005-02-14,12.566885948181152,41.45769500732422,12.09610652923584,44.26543045043945,8.089326858520508,29.156307220458984,22.988855361938477,18.981904983520508,40.099998474121094,57.26006317138672,13.487274169921875,34.83262634277344,9.90042781829834,5.506488800048828,16.171781539916992,11.547412872314453,7.994884967803955,10.136011123657227,2.5949225425720215,26.769433975219727,13.86443042755127,16.679189682006836,21.941381454467773,8.304624557495117,14.688519477844238,15.315994262695312,11.316781044006348,26.899532318115234,45.71626663208008,19.69417381286621,29.227392196655273,11.612266540527344,17.15655517578125,13.952903747558594,45.7866325378418,22.60386848449707,28.26016616821289,14.462540626525879,22.774822235107422,12.300797462463379,25.899999618530273,31.87608528137207,6.681458473205566,82.19999694824219,13.885905265808105,11.512225151062012
2005-02-15,12.283503532409668,42.440608978271484,12.207221031188965,43.970218658447266,8.148433685302734,29.253032684326172,23.224018096923828,19.08935546875,39.0,57.1068000793457,13.607339859008789,34.821109771728516,9.811492919921875,5.273557662963867,15.94972038269043,11.623518943786621,7.933384895324707,10.380538940429688,2.5949225425720215,26.859180450439453,13.84969711303711,16.625730514526367,21.721900939941406,8.32905101776123,14.084181785583496,15.27621078491211,11.304787635803223,26.710966110229492,45.295040130615234,19.807687759399414,29.2603702545166,11.698769569396973,17.441524505615234,13.809500694274902,45.69835662841797,22.564632415771484,28.26016616821289,14.09674072265625,23.36376190185547,12.287910461425781,26.0,32.153560638427734,6.555810451507568,82.19999694824219,13.76525592803955,11.553642272949219
2005-02-16,12.435315132141113,42.702213287353516,12.434492111206055,44.343109130859375,8.209228515625,29.391225814819336,23.156368255615234,19.21677017211914,39.20000076293945,58.62019729614258,14.218568801879883,34.86141586303711,10.240290641784668,5.385364532470703,16.776155471801758,11.567709922790527,8.164909362792969,10.293771743774414,2.718071937561035,26.788667678833008,13.768664360046387,16.68988037109375,21.94764518737793,8.848088264465332,14.287745475769043,15.256324768066406,11.388749122619629,26.35022735595703,48.61330032348633,19.844579696655273,29.39225196838379,11.984249114990234,17.466297149658203,13.914149284362793,45.85084533691406,23.24025535583496,28.377914428710938,14.6284761428833,23.25983428955078,12.623064041137695,26.219999313354492,32.13221740722656,7.046521186828613,82.19999694824219,13.84203052520752,11.312482833862305
2005-02-17,12.533150672912598,42.44855880737305,12.22237491607666,44.3586311340332,8.116345405578613,29.453413009643555,23.120712280273438,19.042882919311523,40.5,59.463104248046875,13.128378868103027,34.57353591918945,10.179941177368164,5.3760457038879395,16.52035140991211,11.397745132446289,8.175766944885254,10.39236831665039,2.7092742919921875,26.859180450439453,13.415053367614746,16.443967819213867,21.79715919494629,8.475603103637695,14.128706932067871,14.851866722106934,11.352765083312988,25.932096481323242,47.418365478515625,19.864444732666016,29.180282592773438,11.531521797180176,17.463199615478516,13.611839294433594,45.99531173706055,22.763669967651367,27.985401153564453,16.366992950439453,23.37070083618164,12.793861389160156,27.15999984741211,32.01836395263672,6.888609409332275,82.19999694824219,14.039468765258789,11.190682411193848
2005-02-18,12.31385612487793,42.519901275634766,12.298127174377441,44.381954193115234,8.158563613891602,29.34286117553711,23.17258644104004,19.120830535888672,40.79999923706055,59.578033447265625,13.617362976074219,35.057167053222656,10.522981643676758,5.366730690002441,16.936382293701172,11.433259010314941,8.295145034790039,10.179398536682129,2.850015640258789,26.66045379638672,13.857062339782715,16.390518188476562,21.897480010986328,8.420649528503418,14.173238754272461,14.911542892456055,11.514691352844238,26.079673767089844,49.343997955322266,19.94106101989746,29.062530517578125,11.534403800964355,17.5406436920166,13.580828666687012,46.13175582885742,22.65153694152832,27.475162506103516,16.59327507019043,22.89954376220703,12.803524017333984,28.15999984741211,32.16067886352539,7.218012809753418,82.19999694824219,13.962679862976074,11.102992057800293
2005-02-22,12.027100563049316,41.854026794433594,11.94459056854248,43.17780303955078,8.055549621582031,30.745397567749023,22.764110565185547,18.776073455810547,42.70000076293945,58.83091735839844,13.865861892700195,34.550506591796875,10.294291496276855,5.534440994262695,16.33200454711914,11.339397430419922,8.21917724609375,10.053192138671875,2.8148305416107178,26.04506492614746,13.518189430236816,16.0804443359375,21.715635299682617,8.28630542755127,13.664325714111328,14.586660385131836,11.484704971313477,25.825517654418945,48.3897819519043,19.532424926757812,28.732807159423828,11.176839828491211,17.51586151123047,13.270764350891113,45.305091857910156,21.911436080932617,26.548864364624023,16.29157066345215,22.622385025024414,12.790640830993652,28.0,31.484729766845703,7.2163166999816895,82.19999694824219,13.82558536529541,11.105429649353027
2005-02-23,12.40832233428955,43.08271026611328,11.969844818115234,43.82598876953125,8.148433685302734,30.90430450439453,23.221210479736328,18.85402488708496,42.400001525878906,59.36730194091797,14.218568801879883,35.252925872802734,10.465811729431152,5.487852573394775,16.641220092773438,11.121236801147461,8.284290313720703,10.037415504455566,2.762052059173584,26.198915481567383,13.562395095825195,16.165979385375977,21.986530303955078,8.60383415222168,13.645246505737305,14.599918365478516,11.610645294189453,25.95669174194336,49.679283142089844,19.504045486450195,29.114341735839844,11.246047019958496,17.63665199279785,13.503311157226562,45.136558532714844,21.95068359375,26.50175666809082,16.615896224975586,22.587745666503906,12.82930850982666,28.950000762939453,31.676847457885742,7.202732086181641,82.19999694824219,13.644608497619629,11.205299377441406
2005-02-24,12.516279220581055,43.9150276184082,12.020344734191895,44.92710494995117,8.303802490234375,30.883577346801758,23.31197738647461,18.92596435546875,40.79999923706055,60.26769256591797,15.008153915405273,35.81138610839844,11.02165412902832,5.2828755378723145,17.335556030273438,11.140349388122559,8.796928405761719,10.218833923339844,2.8764050006866455,26.461742401123047,13.687630653381348,15.898689270019531,22.270023345947266,8.835878372192383,13.81064224243164,14.798833847045898,11.106879234313965,25.882905960083008,51.329803466796875,19.72255516052246,29.580652236938477,11.29218578338623,17.912328720092773,14.41025161743164,45.83478927612305,22.477718353271484,26.894248962402344,16.766740798950195,22.788679122924805,13.038784980773926,31.360000610351562,31.93299102783203,7.437051773071289,82.19999694824219,13.655572891235352,11.066452980041504
2005-02-25,12.894129753112793,44.580902099609375,12.510250091552734,45.700233459472656,8.469303131103516,30.96649742126465,23.649126052856445,19.336687088012695,39.79999923706055,60.593326568603516,15.420982360839844,36.38713455200195,11.196346282958984,5.2828755378723145,17.819042205810547,11.382474899291992,8.753148078918457,10.412094116210938,2.7796454429626465,26.641218185424805,14.203310012817383,16.615032196044922,22.030624389648438,9.01906681060791,14.033289909362793,14.944696426391602,11.166850090026855,25.95669174194336,54.261199951171875,19.96660614013672,30.10820770263672,11.404644012451172,18.06100082397461,14.852096557617188,46.20527648925781,23.565446853637695,27.357412338256836,17.46063995361328,22.760957717895508,13.245028495788574,32.900001525878906,32.31721115112305,7.751175403594971,82.19999694824219,13.77480411529541,11.322224617004395
2005-02-28,13.133662223815918,43.716861724853516,12.601165771484375,45.18483352661133,8.335885047912598,31.09087371826172,23.324939727783203,19.573522567749023,40.099998474121094,61.53202819824219,16.10235023498535,36.05320358276367,11.053422927856445,5.254920959472656,17.523880004882812,11.290722846984863,8.647335052490234,10.506747245788574,2.7796454429626465,26.46816062927246,14.004409790039062,16.604339599609375,21.923511505126953,9.049596786499023,13.893343925476074,14.778938293457031,11.232818603515625,25.9976863861084,53.607879638671875,19.884307861328125,29.510007858276367,11.289300918579102,17.88445281982422,14.728067398071289,46.45492172241211,23.4168643951416,27.1062068939209,17.234363555908203,22.6986026763916,13.477057456970215,32.5099983215332,31.897424697875977,7.562696933746338,82.19999694824219,13.863526344299316,11.470819473266602
2005-03-01,13.491267204284668,43.78820037841797,12.591059684753418,44.80997848510742,8.709112167358398,30.502281188964844,23.487028121948242,19.294710159301758,39.29999923706055,60.65083694458008,15.781705856323242,36.48501205444336,11.012124061584473,5.133797645568848,16.950435638427734,11.405414581298828,8.734899520874023,10.550132751464844,2.7972376346588135,26.73097801208496,14.063338279724121,16.935789108276367,22.087316513061523,9.202255249023438,14.294108390808105,14.851866722106934,11.388749122619629,26.13707160949707,51.43296432495117,20.074432373046875,30.02855682373047,11.548822402954102,18.07339859008789,14.879222869873047,46.51937484741211,23.613107681274414,26.847152709960938,17.264541625976562,23.07276153564453,13.29981803894043,31.790000915527344,32.30299377441406,7.391200542449951,82.19999694824219,13.952253341674805,11.826461791992188
2005-03-02,13.373188018798828,43.28087615966797,12.469842910766602,45.387874603271484,8.541918754577637,30.53690528869629,23.334667205810547,19.336687088012695,39.900001525878906,59.96115493774414,16.090328216552734,36.30078125,11.00894832611084,5.143115520477295,17.166889190673828,11.443646430969238,8.702062606811523,10.427867889404297,2.726867437362671,26.506603240966797,13.717094421386719,16.99994468688965,22.0117130279541,8.860301971435547,14.351358413696289,14.686110496520996,11.208830833435059,26.13707160949707,52.10347366333008,20.00633430480957,29.835285186767578,11.251813888549805,17.9556941986084,14.79395580291748,46.11667251586914,23.472929000854492,26.87855339050293,17.257003784179688,22.691679000854492,13.4641695022583,31.489999771118164,32.566261291503906,7.177265167236328,82.19999694824219,13.780349731445312,11.512225151062012
2005-03-03,13.663325309753418,43.43147659301758,12.343576431274414,45.489383697509766,8.558807373046875,30.107572555541992,23.451379776000977,19.729415893554688,39.0,59.922847747802734,16.593338012695312,36.89954376220703,11.180464744567871,5.068577766418457,17.034772872924805,11.474230766296387,8.59260368347168,10.589569091796875,2.762052059173584,26.737363815307617,13.407683372497559,17.224472045898438,21.77863311767578,8.994643211364746,14.510394096374512,14.831987380981445,11.232818603515625,26.342023849487305,51.2782096862793,20.43199920654297,30.09454345703125,11.511338233947754,18.02073860168457,14.813336372375488,45.891178131103516,23.24866485595703,26.925640106201172,17.136320114135742,22.71938705444336,13.344934463500977,31.489999771118164,32.787689208984375,7.19763708114624,82.19999694824219,13.819162368774414,11.205299377441406
2005-03-04,14.321185111999512,44.723575592041016,12.626416206359863,46.58268737792969,8.771598815917969,30.90389633178711,23.811214447021484,19.990243911743164,40.79999923706055,60.91901779174805,17.272703170776367,37.504085540771484,11.675962448120117,5.273557662963867,17.94272804260254,11.764780044555664,8.59260368347168,10.806492805480957,2.7796454429626465,26.871992111206055,14.114904403686523,17.748369216918945,22.34562110900879,9.214470863342285,14.669438362121582,14.904914855957031,11.25680923461914,27.129091262817383,52.82558059692383,20.44902992248535,30.12283706665039,11.50268840789795,18.318090438842773,15.080764770507812,46.511322021484375,24.20182228088379,27.23965835571289,17.86039161682129,22.643177032470703,14.092589378356934,32.84000015258789,33.694881439208984,7.493083477020264,82.19999694824219,13.85798168182373,11.093249320983887
2005-03-07,13.923095703125,43.954681396484375,12.520352363586426,45.973548889160156,8.710799217224121,30.806941986083984,23.820945739746094,19.68144989013672,41.5,60.05696487426758,16.581317901611328,37.181663513183594,11.526679039001465,5.180384635925293,17.391765594482422,11.741839408874512,8.749495506286621,10.589569091796875,2.7708494663238525,26.910465240478516,14.063338279724121,21.682939529418945,22.396011352539062,8.97632122039795,14.586735725402832,14.918177604675293,11.316781044006348,26.96511459350586,50.71943283081055,20.227680206298828,30.16997528076172,11.505570411682129,18.321186065673828,14.945114135742188,46.583805084228516,23.823352813720703,27.55366325378418,17.309791564941406,22.760957717895508,13.82510757446289,31.920000076293945,34.109188079833984,7.296121120452881,82.19999694824219,13.813619613647461,11.361200332641602
2005-03-08,13.966957092285156,44.033935546875,12.389039039611816,45.91889190673828,8.656757354736328,31.755619049072266,23.9246826171875,19.798368453979492,43.70000076293945,59.846248626708984,15.735617637634277,37.360145568847656,11.23445987701416,5.5903425216674805,16.82394027709961,11.797917366027832,8.720308303833008,10.696060180664062,2.850015640258789,27.00020980834961,13.893901824951172,19.88671875,22.2385196685791,8.8419828414917,14.453145980834961,14.560135841369629,11.400744438171387,26.768360137939453,48.8539924621582,20.346864700317383,29.953128814697266,11.522873878479004,18.311899185180664,14.979998588562012,46.25360107421875,23.64394187927246,26.650911331176758,16.812002182006836,22.51845932006836,13.860553741455078,31.739999771118164,34.09490966796875,6.9344563484191895,82.19999694824219,13.97998332977295,11.5179443359375
2005-03-09,13.973703384399414,44.382713317871094,12.459737777709961,45.37224197387695,8.747952461242676,32.01873016357422,23.87605857849121,19.7324161529541,43.20000076293945,59.23320007324219,14.699538230895996,37.34862518310547,10.402277946472168,5.664880752563477,16.54564666748047,11.647541999816895,8.884496688842773,10.818321228027344,3.0259437561035156,26.275836944580078,13.84969711303711,20.01502227783203,22.383419036865234,8.744283676147461,14.427701950073242,14.54687786102295,11.436725616455078,26.7027587890625,47.882591247558594,20.403621673583984,29.953128814697266,11.220094680786133,19.005712509155273,14.666061401367188,45.61733627319336,23.481346130371094,26.360445022583008,16.34341812133789,22.52538299560547,13.663975715637207,31.0,34.38777160644531,6.771453380584717,82.19999694824219,14.185165405273438,11.290175437927246
2005-03-10,13.332706451416016,43.534542083740234,12.121359825134277,44.80997848510742,8.709112167358398,31.672500610351562,23.733417510986328,19.498577117919922,43.400001525878906,58.390316009521484,14.150433540344238,36.90531921386719,9.887725830078125,5.581025123596191,16.20551872253418,11.624600410461426,8.7786865234375,10.806492805480957,3.0435361862182617,26.24378204345703,13.857062339782715,20.27300453186035,22.15662384033203,8.664897918701172,14.275022506713867,14.288289070129395,11.400744438171387,26.686365127563477,47.09170150756836,20.29010581970215,29.70328140258789,11.055727005004883,18.853940963745117,14.619544982910156,45.14214324951172,23.12811279296875,26.25840950012207,16.063791275024414,22.428377151489258,13.187023162841797,31.18000030517578,34.109188079833984,6.715417861938477,82.19999694824219,14.612160682678223,11.412631034851074
2005-03-11,13.28210163116455,43.265018463134766,12.14660930633545,44.98957824707031,8.75639820098877,31.63096046447754,23.649126052856445,20.06818199157715,42.79999923706055,59.386470794677734,14.81777286529541,36.66925811767578,10.408629417419434,5.525121212005615,17.58292007446289,11.504817962646484,8.614500045776367,10.822267532348633,2.981961488723755,26.03866195678711,13.768664360046387,20.316001892089844,22.36451530456543,8.811452865600586,14.185966491699219,14.255148887634277,11.28079605102539,26.651845932006836,48.61330032348633,20.176597595214844,29.510005950927734,11.222977638244629,19.03489112854004,14.456109046936035,45.182430267333984,23.097274780273438,26.179908752441406,16.846010208129883,22.32445526123047,13.32404613494873,31.520000457763672,34.18061828613281,7.024443626403809,82.19999694824219,14.47906494140625,11.439568519592285
2005-03-14,13.298970222473145,42.49610900878906,12.106208801269531,44.919315338134766,8.75133228302002,31.360910415649414,23.769073486328125,20.23607063293457,42.70000076293945,59.7313117980957,14.673487663269043,36.974403381347656,9.88454818725586,5.431949615478516,17.374910354614258,11.504817962646484,8.413820266723633,10.857760429382324,3.0171468257904053,26.37199592590332,13.997039794921875,23.035547256469727,22.270023345947266,8.90915298461914,14.313197135925293,14.301555633544922,11.27480411529541,26.93134880065918,47.75364303588867,20.119840621948242,29.745708465576172,11.176839828491211,19.013057708740234,14.658456802368164,45.73814392089844,23.063629150390625,26.35260772705078,16.607940673828125,22.81639289855957,13.366462707519531,31.399999618530273,34.50920104980469,6.888609409332275,82.19999694824219,14.473520278930664,11.275479316711426
2005-03-15,13.578985214233398,42.3772087097168,12.045598983764648,44.6147346496582,8.781728744506836,31.24319839477539,23.6685791015625,19.969242095947266,42.70000076293945,60.516719818115234,14.749637603759766,36.554100036621094,9.919488906860352,5.459900379180908,17.700979232788086,11.456388473510742,8.556120872497559,10.715780258178711,3.0347394943237305,26.1796875,13.997039794921875,22.77758026123047,21.9802303314209,9.043492317199707,14.039652824401855,14.122538566589355,11.250810623168945,26.75870704650879,48.785221099853516,20.06308937072754,29.910701751708984,11.19125747680664,18.966257095336914,14.514481544494629,45.77035903930664,23.433683395385742,26.886409759521484,16.5399227142334,22.6986026763916,13.500227928161621,33.279998779296875,34.109188079833984,6.8529558181762695,82.19999694824219,14.44580078125,11.241196632385254
2005-03-16,13.268606185913086,40.93450927734375,11.77791690826416,44.19303512573242,8.56387710571289,31.11855125427246,23.286039352416992,19.66645622253418,42.5,60.11441421508789,14.378886222839355,36.24321365356445,9.90360164642334,5.54375696182251,17.15283203125,11.334051132202148,8.486793518066406,10.569851875305176,2.981961488723755,25.698917388916016,13.886533737182617,21.240434646606445,21.60223388671875,8.945793151855469,13.823362350463867,14.09602165222168,11.17884635925293,26.56963539123535,47.49574279785156,19.807687759399414,29.561864852905273,11.260465621948242,18.476421356201172,14.308248519897461,45.496517181396484,23.590681076049805,26.077850341796875,16.09024429321289,22.968833923339844,13.32404613494873,32.91999816894531,33.55202102661133,6.272250175476074,82.19999694824219,14.301612854003906,11.020777702331543
2005-03-17,13.632962226867676,41.473548889160156,11.904180526733398,44.12274932861328,8.71248722076416,30.910818099975586,23.402740478515625,20.32000732421875,41.099998474121094,60.45923614501953,15.27068042755127,36.519554138183594,10.125945091247559,5.441267013549805,17.428308486938477,11.410511016845703,8.61085033416748,10.510690689086914,2.8764050006866455,25.737369537353516,13.997039794921875,21.91763687133789,21.772335052490234,9.074026107788086,13.80428409576416,14.036344528198242,11.220827102661133,26.873798370361328,48.303829193115234,20.338356018066406,30.353818893432617,11.119166374206543,18.71978187561035,14.603978157043457,45.496517181396484,23.593482971191406,26.58025360107422,16.434123992919922,22.684743881225586,13.532851219177246,33.34000015258789,34.25919723510742,6.3079071044921875,82.19999694824219,14.185165405273438,10.92281723022461
2005-03-18,13.325959205627441,41.6082878112793,11.798126220703125,43.794761657714844,8.690534591674805,30.993919372558594,23.250385284423828,20.14313316345215,40.79999923706055,60.689109802246094,15.242623329162598,36.43320083618164,10.16405963897705,5.450584411621094,17.329927444458008,11.39012622833252,8.475846290588379,10.68422794342041,2.8588130474090576,25.75991439819336,14.195944786071777,21.595163345336914,21.728233337402344,9.165617942810059,13.785198211669922,14.09602165222168,11.214829444885254,26.618946075439453,47.96855545043945,20.403621673583984,31.475778579711914,11.387343406677246,19.0192928314209,14.747960090637207,45.665672302246094,23.276697158813477,26.391857147216797,16.052453994750977,22.587745666503906,13.438236236572266,33.4900016784668,34.21634292602539,6.223012447357178,82.19999694824219,14.157435417175293,10.947306632995605
2005-03-21,13.902853965759277,41.156463623046875,11.722363471984863,43.72447204589844,8.646625518798828,30.135276794433594,23.1563720703125,19.990243911743164,39.900001525878906,60.26769256591797,15.795740127563477,36.51380157470703,10.380043983459473,5.292191028594971,17.802175521850586,11.377376556396484,8.395575523376465,10.680279731750488,2.7884409427642822,25.70195960998535,14.100177764892578,21.45541763305664,21.759733200073242,9.012961387634277,13.473485946655273,13.870590209960938,11.172847747802734,26.660064697265625,48.49293899536133,20.12552261352539,31.372068405151367,11.468088150024414,18.83209228515625,14.506701469421387,45.6817626953125,23.16134262084961,26.297645568847656,16.15447998046875,22.241300582885742,13.154399871826172,33.5099983215332,33.86631774902344,6.406389236450195,82.19999694824219,14.14079475402832,11.008535385131836
2005-03-22,14.000690460205078,41.44184112548828,11.702156066894531,44.138370513916016,8.643247604370117,29.57440185546875,23.162843704223633,20.03521156311035,38.20000076293945,59.309844970703125,16.20054817199707,36.39865493774414,10.561092376708984,5.133797645568848,17.605403900146484,11.275428771972656,8.512333869934082,10.530413627624512,2.718071937561035,25.573190689086914,14.166474342346191,21.648900985717773,21.476242065429688,8.89083480834961,13.562546730041504,13.731351852416992,11.094884872436523,26.627182006835938,47.9599609375,19.90985107421875,31.466339111328125,11.48538875579834,18.81026268005371,14.10978889465332,45.762306213378906,23.197914123535156,25.905153274536133,16.128036499023438,22.490741729736328,13.072834014892578,33.630001068115234,33.96632766723633,6.482800006866455,82.19999694824219,14.157435417175293,11.023234367370605
2005-03-23,14.034430503845215,41.116859436035156,11.525386810302734,43.82598876953125,8.403444290161133,28.98583221435547,22.858123779296875,19.741411209106445,36.599998474121094,58.217891693115234,15.685511589050293,36.50229263305664,10.275228500366211,5.096530437469482,17.19499969482422,11.211714744567871,8.446657180786133,11.14172649383545,2.6213114261627197,25.779237747192383,14.114904403686523,20.982454299926758,21.230539321899414,9.128976821899414,13.467127799987793,13.366682052612305,10.848998069763184,26.676498413085938,46.83382034301758,19.935396194458008,31.122220993041992,11.271995544433594,18.5887393951416,14.13313102722168,44.9649658203125,23.17258644104004,25.253591537475586,15.610330581665039,22.41452407836914,12.694390296936035,32.5,34.18061828613281,6.268853664398193,82.19999694824219,14.196249961853027,10.66076946258545
2005-03-24,14.088546752929688,40.76805114746094,11.591043472290039,43.92750930786133,9.445426940917969,28.937353134155273,22.952123641967773,19.92728042602539,35.599998474121094,58.16041564941406,15.481103897094727,36.70378875732422,10.605562210083008,5.021992206573486,17.352415084838867,11.26778507232666,8.64003849029541,11.110175132751465,2.568533420562744,25.689088821411133,14.218039512634277,21.229686737060547,21.066741943359375,8.768704414367676,13.409873008728027,13.585484504699707,10.896977424621582,26.923118591308594,46.83382034301758,19.679996490478516,31.48990249633789,11.101868629455566,18.62929916381836,14.234312057495117,44.9327507019043,23.211984634399414,25.237892150878906,15.663236618041992,22.51845932006836,12.632403373718262,33.029998779296875,34.15205001831055,6.262064456939697,82.19999694824219,14.196249961853027,10.592198371887207
2005-03-28,14.2509126663208,40.50645446777344,11.500138282775879,44.52885055541992,9.144821166992188,28.875022888183594,22.89378547668457,19.81336212158203,34.400001525878906,57.566566467285156,14.9420166015625,36.51380157470703,10.449925422668457,4.9940409660339355,16.95606231689453,11.290722846984863,8.756793022155762,11.3389253616333,2.5157551765441895,25.495946884155273,13.879164695739746,21.8531436920166,21.06044578552246,8.903042793273926,13.327178001403809,13.612008094787598,10.914968490600586,26.76694107055664,44.77064514160156,19.55228614807129,31.485200881958008,11.312368392944336,18.526344299316406,14.113678932189941,45.05355453491211,23.211984634399414,25.120147705078125,15.466742515563965,22.421451568603516,12.603039741516113,30.0,34.25205993652344,6.070196151733398,82.19999694824219,14.201796531677246,10.824856758117676
2005-03-29,14.494460105895996,39.217830657958984,11.111241340637207,43.55266571044922,8.918523788452148,28.72269058227539,22.517736434936523,19.234752655029297,34.400001525878906,56.64701461791992,14.430994987487793,35.89774703979492,10.338754653930664,4.9940409660339355,15.86931037902832,11.176030158996582,8.508683204650879,11.263991355895996,2.498162031173706,25.109634399414062,13.024611473083496,21.01470184326172,20.758052825927734,8.805346488952637,13.110886573791504,13.525812149047852,10.866988182067871,26.602514266967773,42.91380310058594,19.40471649169922,30.457529067993164,11.003823280334473,18.192506790161133,13.75957202911377,44.19985580444336,22.733680725097656,24.405790328979492,14.775213241577148,21.915653228759766,12.351829528808594,28.850000381469727,33.34486389160156,5.746677875518799,82.19999694824219,14.074251174926758,10.374229431152344
2005-03-30,15.353643417358398,39.12209701538086,11.181953430175781,43.747894287109375,9.008030891418457,29.36666488647461,23.016971588134766,19.7324161529541,35.099998474121094,57.27920913696289,14.190511703491211,36.29127883911133,10.609234809875488,5.077892780303955,16.174165725708008,11.227007865905762,8.64003849029541,11.413862228393555,2.5245509147644043,25.579641342163086,13.613958358764648,20.993192672729492,20.94704818725586,8.93968391418457,13.664325714111328,13.784395217895508,11.064898490905762,26.89024543762207,43.49836730957031,19.787832260131836,30.91478729248047,11.338321685791016,18.460824966430664,14.168155670166016,44.36091995239258,22.694284439086914,24.319438934326172,14.771437644958496,22.712459564208984,12.671548843383789,29.56999969482422,33.930606842041016,5.762001991271973,82.19999694824219,13.974435806274414,10.3276948928833
2005-03-31,15.177748680114746,39.7763557434082,11.262761116027832,44.38047790527344,9.026607513427734,29.255874633789062,23.185535430908203,20.227079391479492,36.70000076293945,58.217891693115234,14.603336334228516,36.62693786621094,10.784253120422363,5.1058478355407715,16.247560501098633,11.211714744567871,8.578011512756348,11.437524795532227,2.6916816234588623,25.431547164916992,13.702359199523926,21.1221923828125,21.06044578552246,9.006852149963379,13.71522045135498,13.618635177612305,10.962945938110352,27.169740676879883,43.71329116821289,19.929710388183594,31.00908088684082,11.202791213989258,18.407785415649414,14.148695945739746,45.03744888305664,22.77306365966797,24.256641387939453,15.1190824508667,22.511531829833984,12.922764778137207,30.260000228881836,34.187767028808594,5.86586856842041,82.19999694824219,14.113069534301758,10.410968780517578
2005-04-01,14.376070022583008,39.2098388671875,11.651656150817871,44.833412170410156,8.972565650939941,29.394357681274414,22.825700759887695,20.64678382873535,36.099998474121094,57.98798370361328,14.669469833374023,36.59221267700195,10.914719581604004,5.012676239013672,16.48466682434082,11.127606391906738,8.702062606811523,11.295540809631348,2.674088478088379,25.65689468383789,13.812862396240234,21.39092445373535,20.858850479125977,9.03127670288086,13.42259693145752,13.59874439239502,10.944951057434082,27.04644203186035,43.996971130371094,19.614723205566406,30.782804489135742,10.957685470581055,18.448345184326172,14.000829696655273,45.35961151123047,23.119129180908203,23.942642211914062,15.096415519714355,22.92725372314453,13.053262710571289,30.059999465942383,34.03061294555664,5.857355117797852,82.19999694824219,14.312710762023926,10.315455436706543
2005-04-04,14.095311164855957,39.305599212646484,11.752668380737305,44.536643981933594,9.035049438476562,28.95812225341797,22.981311798095703,20.58681869506836,34.900001525878906,57.624027252197266,14.861859321594238,36.574851989746094,11.029279708862305,4.9567718505859375,16.329410552978516,10.997625350952148,8.720308303833008,11.37441635131836,2.7092742919921875,25.888671875,13.18668270111084,23.916990280151367,20.78325080871582,8.933575630187988,13.518014907836914,13.691564559936523,11.022920608520508,26.972444534301758,42.98257827758789,19.302555084228516,31.541778564453125,11.153772354125977,18.32666015625,14.070878982543945,45.22269058227539,23.245746612548828,23.282146453857422,15.221110343933105,22.941118240356445,12.775947570800781,30.420000076293945,34.116329193115234,5.763703346252441,82.19999694824219,14.695343017578125,10.396269798278809
2005-04-05,13.80102825164795,39.81627655029297,11.838533401489258,44.70844650268555,9.13131046295166,28.923494338989258,23.00723648071289,20.448917388916016,34.599998474121094,57.432464599609375,14.621376037597656,36.78896713256836,11.019734382629395,4.910182952880859,16.320941925048828,11.01291275024414,8.599902153015137,11.378362655639648,2.7092742919921875,25.95307159423828,13.017242431640625,24.099714279174805,20.73914337158203,8.958000183105469,13.365342140197754,14.407645225524902,11.028913497924805,27.04644203186035,43.36942672729492,19.328105926513672,31.617177963256836,11.101868629455566,18.35786247253418,14.172050476074219,45.867027282714844,23.296382904052734,23.549489974975586,16.35475730895996,22.934175491333008,12.700907707214355,30.770000457763672,34.116329193115234,5.755190849304199,82.19999694824219,14.650980949401855,10.533413887023926
2005-04-06,14.091931343078613,39.920005798339844,11.853682518005371,44.700645446777344,9.002963066101074,29.19355583190918,23.169334411621094,20.63778305053711,35.099998474121094,57.432464599609375,14.4109525680542,36.644309997558594,10.822437286376953,4.891550540924072,16.29836654663086,11.099573135375977,8.59625244140625,11.342866897583008,2.7092742919921875,25.837188720703125,12.921472549438477,24.153465270996094,20.68245506286621,8.994868278503418,13.35898208618164,14.427535057067871,11.082889556884766,27.136871337890625,43.240478515625,19.3536434173584,31.612483978271484,10.894247055053711,18.423391342163086,14.086444854736328,45.91532897949219,23.46520233154297,23.47085952758789,16.48323631286621,22.43531036376953,12.710699081420898,31.149999618530273,34.43063735961914,5.685380935668945,82.19999694824219,14.578885078430176,10.474637985229492
2005-04-07,13.916031837463379,40.11947250366211,11.717310905456543,44.78654479980469,9.035049438476562,29.235107421875,23.234167098999023,20.535860061645508,35.400001525878906,60.28684997558594,14.447022438049316,36.72533416748047,11.121561050415039,4.9195027351379395,16.174165725708008,11.046051025390625,8.756793022155762,11.37441635131836,2.568533420562744,25.862932205200195,13.076176643371582,23.508520126342773,20.833650588989258,9.04401969909668,13.454401016235352,14.526982307434082,10.729052543640137,27.25196075439453,43.28345489501953,19.435941696166992,31.70204734802246,11.202791213989258,18.30482292175293,14.117568969726562,45.95561218261719,23.44550895690918,23.282146453857422,16.43789291381836,22.35215950012207,12.700907707214355,32.08000183105469,34.73065185546875,5.716027736663818,82.19999694824219,14.40697193145752,10.545660018920898
2005-04-08,14.13252067565918,39.14601516723633,11.560744285583496,44.70844650268555,8.79355239868164,29.06891632080078,22.72196388244629,20.266054153442383,35.20000076293945,60.55501174926758,13.8919095993042,36.25076675415039,10.711061477661133,4.910182952880859,15.601146697998047,10.936454772949219,8.567063331604004,11.358644485473633,2.506957769393921,25.901546478271484,13.068808555603027,22.584083557128906,20.688756942749023,8.908849716186523,13.346261024475098,14.35460090637207,10.585118293762207,27.062877655029297,41.4524040222168,19.42174530029297,31.452205657958984,10.894247055053711,18.027145385742188,13.841286659240723,45.15828323364258,23.38642120361328,22.991222381591797,15.852177619934082,21.305927276611328,12.541047096252441,30.84000015258789,34.594940185546875,5.418052673339844,82.19999694824219,14.329341888427734,10.420761108398438
2005-04-11,14.176495552062988,38.97843933105469,11.333466529846191,44.755313873291016,8.746261596679688,28.978899002075195,22.4237117767334,19.990243911743164,34.79999923706055,59.712120056152344,13.635393142700195,36.28549575805664,10.691971778869629,4.826330184936523,15.629378318786621,10.84470272064209,8.501388549804688,11.275824546813965,2.550940990447998,25.817852020263672,12.80359935760498,22.55183982849121,20.449359893798828,8.859696388244629,13.212664604187012,14.294920921325684,10.399208068847656,27.449260711669922,41.46959686279297,19.580665588378906,31.065658569335938,10.957685470581055,18.052104949951172,13.755677223205566,45.28712844848633,23.254186630249023,22.951906204223633,16.184711456298828,21.160425186157227,12.449700355529785,31.0,34.91637420654297,5.533838748931885,82.19999694824219,14.373708724975586,10.313002586364746
2005-04-12,14.447108268737793,38.499691009521484,11.23751163482666,44.40388107299805,8.866171836853027,28.95119857788086,22.66036605834961,19.83734130859375,34.5,59.99949264526367,13.885899543762207,36.123451232910156,10.825621604919434,4.770425796508789,15.821328163146973,11.193872451782227,8.508683204650879,11.283712387084961,2.6125149726867676,26.33936309814453,12.36159610748291,22.358346939086914,20.52496337890625,9.019441604614258,13.836085319519043,14.30819034576416,10.687076568603516,27.8685245513916,41.89083480834961,20.12552261352539,31.29189682006836,11.257577896118164,17.84307098388672,13.817937850952148,45.98781967163086,23.746562957763672,23.077716827392578,16.143150329589844,21.56229019165039,12.55736255645752,30.860000610351562,34.78780746459961,5.5764031410217285,82.19999694824219,14.362610816955566,10.219938278198242
2005-04-13,14.579025268554688,37.36665344238281,10.838516235351562,44.00559997558594,8.470991134643555,28.69499397277832,22.13844108581543,18.9769344329834,34.0,58.237056732177734,13.082280158996582,35.3248291015625,10.151007652282715,4.742475509643555,14.774099349975586,11.089376449584961,8.253275871276855,11.118062019348145,2.638904333114624,25.90799903869629,12.155322074890137,21.81014633178711,19.84457778930664,8.749103546142578,13.29536247253418,14.224472999572754,10.602401733398438,28.115150451660156,39.97380065917969,20.091466903686523,30.70737648010254,11.044195175170898,17.400035858154297,13.417139053344727,45.10188674926758,23.49333953857422,22.24424934387207,15.74259090423584,21.659292221069336,11.989256858825684,29.270000457763672,33.680606842041016,5.3278069496154785,82.19999694824219,14.21843147277832,9.881964683532715
2005-04-14,14.460637092590332,36.12987518310547,10.25770092010498,43.52924346923828,8.315624237060547,27.843286514282227,21.587326049804688,19.07586097717285,31.5,57.27920913696289,12.194499969482422,34.14424514770508,8.550395965576172,4.416370868682861,14.085357666015625,11.581278800964355,7.961384296417236,10.885367393493652,2.3750133514404297,25.302783966064453,11.750144004821777,21.11144256591797,19.548479080200195,8.509490013122559,13.18086051940918,13.88962173461914,10.505629539489746,27.6547794342041,38.538177490234375,20.000656127929688,30.410383224487305,10.972105026245117,16.875883102416992,13.354879379272461,45.810638427734375,22.508586883544922,21.74102210998535,14.888574600219727,21.456932067871094,11.434289932250977,27.450000762939453,33.09485626220703,4.917452812194824,82.19999694824219,13.874615669250488,9.372562408447266
2005-04-15,14.034427642822266,35.3479118347168,10.186988830566406,42.014225006103516,8.129854202270508,27.538602828979492,21.062143325805664,18.722103118896484,31.899999618530273,56.12976837158203,11.471046447753906,32.75533676147461,8.25445556640625,4.2672929763793945,13.7720365524292,11.341695785522461,7.939490795135498,10.715780258178711,2.3750133514404297,24.8649845123291,11.271293640136719,20.283754348754883,19.378379821777344,8.343600273132324,13.04091739654541,13.280191421508789,10.160880088806152,27.062877655029297,36.88764190673828,19.546611785888672,29.64200210571289,11.018244743347168,16.11773109436035,12.631103515625,45.536800384521484,21.594179153442383,21.630935668945312,14.50313663482666,21.219684600830078,11.224126815795898,26.940000534057617,31.98049545288086,4.847642421722412,82.19999694824219,13.891249656677246,8.880298614501953
2005-04-18,13.686017036437988,35.81867218017578,10.267799377441406,42.17822265625,8.190649032592773,28.286428451538086,21.208030700683594,19.135826110839844,33.29999923706055,56.68534469604492,12.312737464904785,33.13149642944336,8.626763343811035,4.36046838760376,14.584976196289062,11.469134330749512,7.844628810882568,10.952418327331543,2.3750133514404297,25.038814544677734,11.624907493591309,20.5739803314209,19.62407684326172,8.478769302368164,13.047266006469727,13.059196472167969,10.14273738861084,27.276620864868164,38.89064407348633,19.92119789123535,30.38681411743164,11.003823280334473,16.220687866210938,12.767290115356445,45.3837776184082,22.041528701782227,22.173480987548828,15.096415519714355,21.17781639099121,11.559078216552734,27.520000457763672,32.087642669677734,4.960018634796143,82.19999694824219,14.01879596710205,9.11051082611084
2005-04-19,13.970162391662598,36.34530258178711,10.782959938049316,42.139190673828125,8.342644691467285,28.978899002075195,21.606773376464844,19.831340789794922,35.79999923706055,56.302207946777344,13.002119064331055,33.716007232666016,9.053171157836914,4.6399827003479,15.036611557006836,11.543044090270996,8.118277549743652,11.263991355895996,2.550940990447998,25.174009323120117,11.602807998657227,20.423490524291992,19.920164108276367,8.589361190795898,13.047266006469727,13.059196472167969,10.451194763183594,27.202634811401367,40.14571762084961,19.674320220947266,30.829946517944336,11.153772354125977,16.426610946655273,12.961861610412598,46.060306549072266,22.362287521362305,22.370054244995117,15.345816612243652,20.940567016601562,11.88417911529541,28.639999389648438,32.71626663208008,5.198402404785156,82.19999694824219,14.052069664001465,9.149699211120605
2005-04-20,13.280105590820312,35.73090744018555,10.479926109313965,41.42851638793945,8.273406028747559,28.542644500732422,21.315011978149414,19.501569747924805,36.79999923706055,55.36351013183594,12.521154403686523,33.05046844482422,8.811327934265137,4.770425796508789,14.613207817077637,11.26778507232666,7.833680629730225,11.086509704589844,2.5949225425720215,24.78771209716797,11.11659049987793,19.6280517578125,19.40987777709961,8.589361190795898,13.034549713134766,13.052499771118164,10.221364974975586,26.808040618896484,39.26887512207031,19.22026824951172,30.3349666595459,10.949033737182617,15.908695220947266,12.634992599487305,45.11800003051758,22.353845596313477,22.09485626220703,15.009503364562988,20.794031143188477,11.825064659118652,27.8700008392334,31.98049545288086,4.961723804473877,82.19999694824219,13.475346565246582,9.117860794067383
2005-04-21,13.388352394104004,36.52884292602539,10.732450485229492,41.897090911865234,8.437215805053711,28.231056213378906,21.86612319946289,19.960243225097656,35.900001525878906,56.60871887207031,12.805726051330566,33.82017517089844,9.075446128845215,4.705204010009766,15.129761695861816,11.201518058776855,8.10003662109375,11.413862228393555,2.5949225425720215,25.399354934692383,11.00609016418457,20.39124298095703,19.831974029541016,8.693808555603027,13.212664604187012,13.132864952087402,10.251607894897461,27.243730545043945,40.283267974853516,19.614723205566406,31.22592544555664,11.246047019958496,16.105247497558594,13.012447357177734,45.91532897949219,22.40448760986328,22.456546783447266,15.308024406433105,20.933589935302734,11.854620933532715,28.530000686645508,33.03770446777344,5.077507972717285,82.19999694824219,14.040979385375977,8.936630249023438
2005-04-22,12.447985649108887,36.16975402832031,10.621342658996582,41.451961517333984,8.26665210723877,28.20334815979004,21.914743423461914,19.78338050842285,35.099998474121094,55.938232421875,12.815750122070312,33.461360931396484,8.75405216217041,4.705204010009766,15.002738952636719,11.002720832824707,7.844628810882568,11.271880149841309,2.5949225425720215,25.412229537963867,11.241828918457031,19.09058952331543,19.71857452392578,8.48491096496582,12.990020751953125,12.925252914428711,10.324183464050293,26.51209259033203,39.045372009277344,19.04148292541504,30.947784423828125,11.148002624511719,15.989814758300781,12.708928108215332,44.828067779541016,21.74892807006836,22.00835609436035,15.247565269470215,20.926618576049805,11.900598526000977,27.850000381469727,32.673397064208984,5.082618713378906,71.0,13.525252342224121,8.468856811523438
2005-04-25,12.211201667785645,36.92777633666992,10.929423332214355,41.936126708984375,8.400067329406738,28.334922790527344,22.19029426574707,20.293031692504883,34.70000076293945,56.39799118041992,13.028176307678223,33.71019744873047,8.92270565032959,4.779742240905762,15.05919075012207,11.277979850769043,7.837329387664795,11.37441635131836,2.5949225425720215,25.399354934692383,11.344963073730469,20.133262634277344,19.888671875,8.58321762084961,13.07271671295166,13.139561653137207,10.37256908416748,26.799806594848633,39.905025482177734,19.240129470825195,31.584182739257812,11.202791213989258,16.105247497558594,13.133075714111328,45.90727996826172,22.04435157775879,22.550891876220703,15.481855392456055,20.661457061767578,12.212559700012207,27.950000762939453,32.959136962890625,5.166051387786865,71.0,13.697168350219727,8.57171630859375
2005-04-26,12.143549919128418,36.281463623046875,10.656692504882812,41.47539520263672,8.26665210723877,27.870981216430664,21.545177459716797,19.825353622436523,33.70000076293945,55.267730712890625,12.875869750976562,32.84212875366211,8.655405044555664,4.57476282119751,14.56521987915039,11.216813087463379,8.041656494140625,11.977660179138184,2.5949225425720215,25.399354934692383,11.344963073730469,19.789289474487305,19.529577255249023,7.901228904724121,12.843705177307129,13.092679023742676,10.330230712890625,26.69293975830078,38.263084411621094,19.154998779296875,30.99493980407715,10.986520767211914,15.428218841552734,13.907442092895508,45.6817626953125,21.74892807006836,22.259973526000977,15.013279914855957,20.61958885192871,11.854620933532715,26.729999542236328,32.31623458862305,4.876587390899658,71.0,13.547439575195312,8.694169044494629
2005-04-27,12.184142112731934,35.72294616699219,10.389016151428223,41.14738082885742,8.148433685302734,26.105236053466797,21.480342864990234,19.21677017211914,31.799999237060547,55.03786087036133,12.164438247680664,32.4486083984375,8.286280632019043,4.407053470611572,14.22084903717041,11.257587432861328,7.833680629730225,11.922213554382324,2.5949225425720215,23.37126922607422,11.300764083862305,19.37007713317871,19.33428192138672,7.471146583557129,12.958208084106445,13.219922065734863,10.269750595092773,26.627182006835938,36.81028747558594,19.325265884399414,30.608386993408203,11.127819061279297,15.003905296325684,13.89188003540039,45.182430267333984,21.824888229370117,21.906139373779297,14.63917350769043,20.682388305664062,11.44742488861084,24.479999542236328,32.651954650878906,4.711424827575684,71.0,13.453165054321289,8.679474830627441
2005-04-28,11.839117050170898,35.683040618896484,10.192041397094727,41.49882507324219,8.055549621582031,25.5028133392334,21.438209533691406,19.5075740814209,30.5,54.731319427490234,11.50311279296875,33.281951904296875,8.018980026245117,4.304563999176025,14.04865550994873,11.091925621032715,7.778951644897461,11.977660179138184,2.603717803955078,23.519359588623047,11.123956680297852,19.176584243774414,18.85549545288086,7.084072113037109,12.63377857208252,13.025714874267578,10.027822494506836,26.20791244506836,35.95062255859375,20.27875518798828,30.18883514404297,10.957685470581055,14.832306861877441,13.84907341003418,44.10319519042969,21.21434211730957,21.22992706298828,14.265069961547852,20.23579978942871,11.155165672302246,23.030000686645508,32.18049621582031,4.643314361572266,71.0,13.181442260742188,8.343955039978027
2005-04-29,11.94059944152832,36.64850997924805,8.959704399108887,41.42072296142578,8.275093078613281,26.292203903198242,21.898534774780273,20.158119201660156,30.899999618530273,55.593414306640625,11.625356674194336,33.98799514770508,8.11762523651123,4.341833591461182,14.42408275604248,11.359536170959473,7.866523265838623,12.00934886932373,2.6213114261627197,24.40140724182129,10.939787864685059,19.35932159423828,19.24608039855957,7.329834938049316,12.729205131530762,13.052499771118164,10.433051109313965,26.89024543762207,36.75870895385742,20.545501708984375,30.79224395751953,10.974989891052246,16.84780502319336,14.245979309082031,44.288455963134766,21.17213249206543,21.22992706298828,14.257514953613281,19.565933227539062,11.381752014160156,23.299999237060547,33.451995849609375,4.63650369644165,71.0,13.392166137695312,8.290077209472656
2005-05-02,12.042073249816895,37.518253326416016,9.040513038635254,43.248111724853516,8.347710609436035,26.11908531188965,22.04442596435547,20.2420597076416,30.799999237060547,55.91904830932617,11.723553657531738,34.42781066894531,8.279909133911133,4.239344596862793,14.395853042602539,11.377376556396484,7.8263840675354,12.163820266723633,2.577329635620117,24.291955947875977,11.146060943603516,19.380817413330078,18.94369125366211,7.206950664520264,12.767367362976074,13.233315467834473,10.28184986114502,26.89024543762207,36.75870895385742,20.639156341552734,31.08450698852539,11.03842830657959,17.868032455444336,14.358829498291016,45.00522994995117,21.681394577026367,21.190608978271484,14.325533866882324,19.9078426361084,11.421154022216797,23.579999923706055,33.402000427246094,4.593936920166016,71.0,13.71934986114502,8.285179138183594
2005-05-03,11.947359085083008,37.837425231933594,9.106171607971191,43.23249816894531,8.56049633026123,26.396074295043945,22.089807510375977,19.852327346801758,32.20000076293945,56.12976837158203,11.623351097106934,34.31785583496094,8.209909439086914,4.416370868682861,14.43819808959961,11.19897174835205,7.972330570220947,12.298491477966309,2.4365878105163574,24.13100242614746,11.050291061401367,19.101343154907227,18.899587631225586,7.249964714050293,12.780092239379883,12.925252914428711,10.215316772460938,26.76694107055664,37.489402770996094,20.55687141418457,31.1363525390625,10.862526893615723,18.108274459838867,14.405526161193848,45.883121490478516,21.21434211730957,21.23779296875,14.461568832397461,20.047399520874023,11.62147045135498,23.440000534057617,33.64487838745117,4.670559883117676,71.0,13.198076248168945,8.260686874389648
2005-05-04,12.272088050842285,38.97843933105469,9.343546867370605,43.7166633605957,8.771598815917969,26.908483505249023,22.365360260009766,20.11615562438965,33.900001525878906,56.72669219970703,12.13037395477295,34.87921142578125,8.365828514099121,4.593397617340088,14.875718116760254,11.227007865905762,8.10003662109375,12.674776077270508,2.5245509147644043,24.40140724182129,11.521773338317871,19.34857749938965,18.805097579956055,7.360556602478027,13.034549713134766,12.965433120727539,10.342329025268555,26.90667724609375,38.538177490234375,20.630645751953125,31.74917221069336,11.162422180175781,18.479543685913086,14.747960090637207,46.583805084228516,22.306013107299805,21.22992706298828,14.873459815979004,20.186965942382812,11.831636428833008,24.329999923706055,33.880615234375,4.822102069854736,71.0,13.752622604370117,8.419877052307129
2005-05-05,12.58328914642334,39.10612869262695,9.469810485839844,43.6854362487793,8.79017448425293,26.638427734375,22.34267234802246,20.146129608154297,33.900001525878906,56.51491928100586,12.184476852416992,34.57826614379883,8.3467378616333,4.612031936645508,14.765632629394531,11.232102394104004,8.13652229309082,12.694575309753418,2.427791118621826,24.2082576751709,10.895588874816895,19.305572509765625,18.81139373779297,7.2253851890563965,13.021821975708008,12.858283042907715,10.306038856506348,26.7504825592041,37.56679153442383,20.483076095581055,32.2347297668457,11.442131042480469,18.467060089111328,14.514481544494629,46.4146842956543,22.362287521362305,21.07267189025879,14.718526840209961,19.921794891357422,11.917013168334961,23.510000228881836,33.73774337768555,4.702911853790283,71.0,13.713804244995117,8.427224159240723
2005-05-06,12.109726905822754,38.95450973510742,9.495335578918457,44.12274932861328,8.796927452087402,26.396074295043945,22.486286163330078,20.21808433532715,32.900001525878906,56.457130432128906,12.53117847442627,34.7576904296875,8.29582405090332,4.472273826599121,15.107181549072266,11.132704734802246,7.990575313568115,12.615360260009766,2.638904333114624,24.02155113220215,10.91768741607666,19.466819763183594,18.716896057128906,7.157802104949951,12.976970672607422,12.737733840942383,10.402814865112305,26.709381103515625,38.048187255859375,20.687402725219727,31.961332321166992,11.231627464294434,18.37970733642578,14.584522247314453,46.946250915527344,22.69147300720215,21.685977935791016,14.854567527770996,20.186965942382812,11.903879165649414,23.489999771118164,33.7163200378418,4.779531955718994,71.0,13.641712188720703,8.44926643371582
2005-05-09,12.718591690063477,38.88268280029297,9.592331886291504,44.27113723754883,9.031672477722168,26.513790130615234,22.38836669921875,20.134136199951172,31.5,56.51491928100586,12.63538646697998,34.57826614379883,8.400833129882812,4.556130886077881,15.143869400024414,11.137804985046387,7.9540863037109375,12.647048950195312,2.498162031173706,24.24045753479004,11.065022468566895,19.520557403564453,18.5531005859375,7.127080917358398,13.098731994628906,12.737733840942383,10.384666442871094,26.791593551635742,38.38344192504883,20.602264404296875,31.626632690429688,11.600726127624512,18.479543685913086,14.63900375366211,46.67240905761719,23.03754425048828,22.03194808959961,14.884798049926758,20.2916259765625,11.910444259643555,23.84000015258789,33.64487838745117,4.818696022033691,71.0,13.469803810119629,8.471307754516602
2005-05-10,12.610347747802734,38.34011459350586,9.561700820922852,43.85722351074219,8.959053993225098,25.98752784729004,21.98688316345215,19.954265594482422,31.5,55.12850570678711,11.865837097167969,34.30049133300781,8.193994522094727,4.481590270996094,14.401497840881348,10.954292297363281,7.8482770919799805,12.43712043762207,2.533348560333252,23.931413650512695,10.755615234375,19.37007713317871,18.26960563659668,7.151656627655029,12.893651008605957,12.67076587677002,10.469338417053223,26.405216217041016,35.85605239868164,20.47456932067871,31.753894805908203,11.355624198913574,18.348501205444336,14.281004905700684,46.22943878173828,22.694284439086914,21.72529411315918,14.23483943939209,20.173009872436523,11.670729637145996,22.790000915527344,33.04484558105469,4.561585426330566,71.0,13.14262580871582,8.118640899658203
2005-05-11,12.671236038208008,38.21244812011719,9.64338207244873,43.64638900756836,9.082337379455566,25.745166778564453,21.898754119873047,20.083175659179688,31.0,54.68564224243164,11.673453330993652,34.46255111694336,8.13990306854248,4.32319974899292,14.644251823425293,10.9568510055542,7.735171318054199,12.425238609313965,2.5421438217163086,24.272632598876953,11.035553932189941,19.047592163085938,18.194011688232422,7.090217113494873,13.053866386413574,12.75113582611084,10.36047649383545,26.61073875427246,36.191322326660156,20.375242233276367,32.2347297668457,11.450783729553223,18.479543685913086,14.522265434265137,45.883121490478516,22.750566482543945,21.866819381713867,14.268929481506348,19.796205520629883,11.575498580932617,22.350000381469727,33.44485855102539,4.702911853790283,71.0,13.148171424865723,8.123540878295898
2005-05-12,12.671236038208008,36.824058532714844,9.250292778015137,42.61553955078125,8.781728744506836,24.990400314331055,21.3046875,19.7863712310791,29.700000762939453,53.04889678955078,10.755606651306152,33.640777587890625,7.678488731384277,4.034364223480225,13.805908203125,10.770791053771973,7.9540863037109375,12.278687477111816,2.5421438217163086,23.78977394104004,10.66721248626709,19.0583438873291,17.96721076965332,6.89975118637085,12.759077072143555,12.322521209716797,10.312087059020996,26.043508529663086,33.50923156738281,19.963768005371094,32.07917404174805,10.822160720825195,17.746353149414062,14.358829498291016,44.820003509521484,22.719614028930664,21.709566116333008,13.617414474487305,19.649660110473633,10.85962200164795,20.81999969482422,32.23765182495117,4.43558406829834,71.0,12.73226547241211,7.837000846862793
2005-05-13,12.522401809692383,35.96231460571289,8.918468475341797,42.84201431274414,8.663511276245117,24.45029640197754,21.053359985351562,19.576526641845703,29.100000381469727,51.412193298339844,10.543184280395508,33.46713638305664,7.3570942878723145,3.773481607437134,13.53774356842041,10.719818115234375,7.884764194488525,12.037077903747559,2.3838107585906982,23.615934371948242,10.564078330993652,18.993850708007812,17.557714462280273,6.807589530944824,12.662955284118652,11.987667083740234,10.118547439575195,25.71466636657715,32.47762680053711,19.62039566040039,31.357921600341797,10.776017189025879,17.643396377563477,14.105892181396484,44.41730880737305,22.60987663269043,21.22992706298828,13.27271556854248,19.551979064941406,10.527956008911133,20.600000381469727,31.337589263916016,4.350449085235596,71.0,12.604720115661621,7.621483325958252
2005-05-16,12.211201667785645,35.052677154541016,9.112456321716309,43.88846206665039,8.893190383911133,24.30487632751465,21.164337158203125,19.276729583740234,27.700000762939453,51.219635009765625,10.625347137451172,34.1616096496582,7.45892333984375,3.6989433765411377,13.834134101867676,10.91606616973877,7.724222660064697,12.191548347473145,2.3310320377349854,23.950725555419922,10.726151466369629,19.520557403564453,17.576618194580078,6.973478317260742,12.906476974487305,11.82694149017334,10.191123962402344,26.347671508789062,33.14133834838867,20.11701011657715,31.99431037902832,11.133585929870605,17.917953491210938,14.475568771362305,45.3837776184082,22.77306365966797,21.54444122314453,13.62878131866455,20.033449172973633,10.534525871276855,20.469999313354492,32.09478759765625,4.44409704208374,71.0,12.754443168640137,7.54066276550293
2005-05-17,12.312682151794434,35.89847183227539,9.270715713500977,44.700645446777344,9.136377334594727,24.588787078857422,21.526649475097656,19.441617965698242,28.700000762939453,52.394203186035156,10.871844291687012,34.65930938720703,7.723039627075195,3.7641642093658447,14.226489067077637,11.086832046508789,7.859222412109375,12.211356163024902,2.3310320377349854,23.995803833007812,10.799819946289062,19.316326141357422,17.740413665771484,7.04106330871582,13.015414237976074,11.612640380859375,10.136691093444824,26.454530715942383,33.85673141479492,20.236194610595703,31.88589096069336,11.165307998657227,18.195629119873047,14.592307090759277,45.93949508666992,23.130393981933594,21.371458053588867,13.871201515197754,20.2916259765625,11.000824928283691,21.280000686645508,32.66624450683594,4.551368713378906,71.0,12.7821683883667,7.263917922973633
2005-05-18,12.786248207092285,36.77617645263672,9.622963905334473,45.45033645629883,9.340719223022461,24.99732208251953,21.95098304748535,19.729415893554688,28.899999618530273,53.6265869140625,11.480181694030762,35.21487045288086,8.130351066589355,3.885289430618286,14.887007713317871,11.31857681274414,7.8482770919799805,12.635165214538574,2.4014031887054443,24.63318634033203,11.45546817779541,19.886037826538086,17.98611831665039,7.188521385192871,13.284571647644043,12.074731826782227,10.457240104675293,27.09576416015625,35.356502532958984,20.746997833251953,32.446876525878906,11.55171012878418,18.632417678833008,15.055366516113281,47.187843322753906,24.129207611083984,22.2285213470459,15.193169593811035,20.82194709777832,11.306221008300781,21.84000015258789,34.487770080566406,4.851047992706299,71.0,13.120442390441895,7.628829479217529
2005-05-19,12.772714614868164,37.03950881958008,9.525962829589844,45.364437103271484,9.355920791625977,24.92115592956543,21.72902488708496,20.113157272338867,28.399999618530273,53.27995681762695,11.062578201293945,35.15121841430664,7.8757805824279785,3.792116641998291,14.695061683654785,11.267362594604492,7.8738203048706055,12.551984786987305,2.4014031887054443,24.510868072509766,11.492301940917969,20.068771362304688,18.030210494995117,7.182374954223633,13.092317581176758,11.840335845947266,10.463289260864258,27.02999496459961,34.83071517944336,20.579565048217773,32.197025299072266,11.7506742477417,18.4826602935791,14.786870002746582,47.76772689819336,24.241744995117188,22.047670364379883,15.102264404296875,20.773107528686523,11.270106315612793,21.649999618530273,33.987754821777344,4.801670074462891,71.0,12.915264129638672,7.530868053436279
2005-05-20,12.684768676757812,36.67245864868164,9.495335578918457,45.56747055053711,9.315388679504395,24.533384323120117,21.575605392456055,19.984243392944336,27.5,52.856346130371094,11.042497634887695,34.78083038330078,7.8185038566589355,3.8387019634246826,14.56804084777832,11.190540313720703,7.811790943145752,12.397509574890137,2.3574209213256836,24.465797424316406,11.470203399658203,19.70330047607422,18.049123764038086,7.163946628570557,13.092317581176758,11.75327205657959,10.5540132522583,26.972444534301758,34.60660934448242,20.534164428710938,32.008453369140625,11.632448196411133,18.32978630065918,14.75963020324707,47.8643913269043,24.219240188598633,21.953306198120117,14.742416381835938,20.773107528686523,11.086207389831543,21.700000762939453,33.7448844909668,4.765910625457764,71.0,13.048355102539062,7.714548587799072
2005-05-23,12.684768676757812,36.90385818481445,9.56680679321289,46.60611343383789,9.398144721984863,24.865760803222656,21.888961791992188,20.02021598815918,28.799999237060547,53.414756774902344,11.25130558013916,35.30746841430664,7.9903364181518555,3.8759725093841553,14.745870590209961,11.331382751464844,7.753406524658203,12.421276092529297,2.3574209213256836,24.43360710144043,11.352334022521973,19.9935245513916,18.320009231567383,7.176232814788818,13.220480918884277,12.014457702636719,10.457240104675293,27.169740676879883,35.06343460083008,20.559694290161133,32.17344665527344,11.805464744567871,18.84457778930664,14.977546691894531,49.024139404296875,24.81852912902832,22.016218185424805,14.867415428161621,20.507944107055664,11.135466575622559,22.25,33.96632766723633,4.745478630065918,71.0,13.026171684265137,7.9423089027404785
2005-05-24,12.556228637695312,37.055450439453125,9.48001766204834,46.89508056640625,9.44880485534668,25.461257934570312,21.807348251342773,20.05019760131836,29.5,52.875614166259766,11.269371032714844,35.16278076171875,8.149445533752441,4.0530009269714355,14.607560157775879,11.277605056762695,7.797194957733154,12.413357734680176,2.4453835487365723,24.124563217163086,10.770349502563477,19.89678192138672,18.33260726928711,7.151656627655029,13.201264381408691,12.081429481506348,10.37256908416748,26.914899826049805,34.46870422363281,20.440515518188477,31.98488998413086,11.61514663696289,18.62306785583496,14.96975326538086,49.16910934448242,24.829788208007812,22.385780334472656,14.587113380432129,20.86381721496582,11.362051010131836,21.8700008392334,33.637733459472656,4.684181213378906,71.0,12.948531150817871,8.130888938903809
2005-05-25,12.258562088012695,36.5687141418457,9.434075355529785,46.31438064575195,9.225882530212402,25.405858993530273,21.539701461791992,20.325637817382812,29.5,52.29793167114258,11.25732421875,34.74610900878906,8.098530769348145,3.9877781867980957,14.42408275604248,11.216147422790527,7.66219425201416,12.326217651367188,2.4629764556884766,24.0344295501709,9.908429145812988,19.241085052490234,18.28192710876465,6.942758083343506,12.868027687072754,11.733181953430176,10.354426383972168,26.69293975830078,33.305084228515625,20.09430503845215,31.583890914916992,11.410408973693848,18.292354583740234,14.837458610534668,48.89528274536133,25.10270881652832,22.440813064575195,14.571962356567383,20.507944107055664,11.368614196777344,22.06999969482422,33.36628723144531,4.495179176330566,71.0,12.604720115661621,7.92516565322876
2005-05-26,11.669987678527832,36.70436477661133,9.54638957977295,47.15401840209961,9.38969612121582,25.2742977142334,21.575605392456055,20.575485229492188,28.600000381469727,52.644535064697266,11.705045700073242,34.86764144897461,8.311734199523926,3.8946053981781006,14.91241455078125,11.421008110046387,7.660351753234863,12.579713821411133,2.5949225425720215,23.989360809326172,9.878957748413086,20.18701171875,18.560657501220703,7.022632122039795,13.25252914428711,11.612640380859375,10.433051109313965,26.78337287902832,34.12392807006836,20.12552261352539,32.140567779541016,11.494037628173828,18.28922462463379,14.98922061920166,49.740928649902344,25.63165855407715,22.550891876220703,14.840899467468262,20.773107528686523,11.473695755004883,22.510000228881836,33.50199890136719,4.63650369644165,71.0,12.693442344665527,7.903123378753662
2005-05-27,11.62263011932373,36.60862350463867,9.64338207244873,47.38158416748047,9.457245826721191,26.100589752197266,21.526649475097656,20.6507511138916,31.700000762939453,52.89484786987305,11.727136611938477,34.93708801269531,8.270369529724121,4.1089019775390625,15.180566787719727,11.523436546325684,7.796620845794678,12.59555435180664,2.6213114261627197,24.015106201171875,9.982097625732422,19.929035186767578,18.617666244506836,7.1147918701171875,13.201264381408691,11.632731437683105,10.523767471313477,26.78337287902832,34.787620544433594,20.236194610595703,31.796180725097656,11.531572341918945,18.276742935180664,15.000889778137207,49.89445877075195,25.493789672851562,22.660974502563477,14.874991416931152,20.473051071166992,11.670729637145996,23.020000457763672,33.50199890136719,4.679071426391602,54.0,12.550321578979492,7.957006931304932
