Date,T,SOHU,DIS,OMC,NYT,LEE,MCS,IPG,DLX,TDS,VZ,USM,SCHL,SGA,EMMS,SIRI,SBGI,RCI,GTN,SSP,TTWO,SALM,RDI,BBGI,EVC,SHEN,IDT,NFLX,CMCSA,NXST,MCHX
2005-01-03,4.649184703826904,17.329999923706055,22.435102462768555,25.48486328125,31.589763641357422,382.65130615234375,10.9387788772583,8.688364028930664,17.061485290527344,26.252164840698242,16.03524398803711,39.18012237548828,29.488754272460938,37.41629409790039,48.729637145996094,74.372802734375,4.443967342376709,7.6749653816223145,11.798673629760742,8.422860145568848,23.585208892822266,13.902192115783691,8.1899995803833,12.034926414489746,5.468259811401367,2.47993540763855,14.026751518249512,1.7028570175170898,8.533808708190918,7.663228988647461,16.35911750793457
2005-01-04,4.600132465362549,16.959999084472656,22.19342803955078,25.469812393188477,31.45667266845703,379.7982177734375,10.760773658752441,8.53333568572998,17.019933700561523,26.245332717895508,15.872869491577148,39.88344192504883,29.13558578491211,37.43863296508789,48.26726150512695,74.67108154296875,4.283516883850098,7.494271755218506,11.332828521728516,8.435224533081055,22.598604202270508,13.570133209228516,7.949999809265137,11.939516067504883,5.38281774520874,2.4217329025268555,13.659077644348145,1.6657140254974365,8.315728187561035,7.646218299865723,15.181618690490723
2005-01-05,4.62193489074707,16.670000076293945,22.07259750366211,25.34930992126465,31.55062484741211,376.2737731933594,10.591659545898438,8.520411491394043,17.0522518157959,26.494735717773438,15.849112510681152,39.900596618652344,28.22058868408203,37.572654724121094,47.49662399291992,75.96366119384766,4.307827472686768,7.633496284484863,11.244479179382324,8.43875503540039,22.398616790771484,13.227005958557129,8.0,11.769147872924805,5.093629837036133,2.280022144317627,13.383326530456543,1.600000023841858,8.39361572265625,7.518640995025635,15.107559204101562
2005-01-06,4.647368907928467,16.290000915527344,22.10481834411621,25.581270217895508,31.668052673339844,377.532470703125,10.235636711120605,8.546252250671387,17.176923751831055,26.89446258544922,15.815114974975586,40.518150329589844,28.332962036132812,37.97474670410156,47.90763473510742,74.57166290283203,4.332138538360596,7.630532264709473,11.204323768615723,8.523530006408691,21.931978225708008,13.531392097473145,7.940000057220459,11.4692964553833,5.238224506378174,2.3297901153564453,13.254636764526367,1.5785709619522095,8.380631446838379,7.5016326904296875,15.100156784057617
2005-01-07,4.634435176849365,16.079999923706055,21.887317657470703,25.6264591217041,31.738508224487305,373.6723937988281,10.240086555480957,8.501031875610352,17.126134872436523,28.103900909423828,15.759138107299805,42.37080001831055,27.73098373413086,37.505645751953125,46.263614654541016,70.59449005126953,4.239758491516113,7.660158634185791,11.25251293182373,8.548257827758789,21.498672485351562,13.271278381347656,7.940000057220459,11.455665588378906,5.172499656677246,2.2758054733276367,13.070801734924316,1.5885709524154663,8.455924034118652,7.45059871673584,15.174210548400879
2005-01-10,4.60117244720459,15.930000305175781,21.97593116760254,25.656570434570312,31.675888061523438,372.58148193359375,10.560504913330078,8.520411491394043,16.862943649291992,28.667621612548828,15.607186317443848,40.65538024902344,27.835325241088867,37.97474670410156,46.16086196899414,65.8219223022461,4.244620323181152,7.7253265380859375,11.597879409790039,8.572985649108887,21.87198257446289,13.072044372558594,7.909999847412109,11.37389087677002,5.2579426765441895,2.302797794342041,13.006458282470703,1.6100000143051147,8.627277374267578,7.484620094299316,15.396379470825195
2005-01-11,4.554976463317871,15.539999961853027,21.919544219970703,25.623445510864258,31.581933975219727,373.2528381347656,10.556055068969727,8.391215324401855,16.95066261291504,28.462627410888672,15.435240745544434,40.578189849853516,27.650718688964844,37.48330307006836,45.595733642578125,60.65160369873047,4.06958532333374,7.683848857879639,11.26054573059082,8.572985649108887,22.105300903320312,13.00009822845459,8.0,11.34663200378418,5.185644149780273,2.261465549468994,12.960494041442871,1.5728570222854614,8.624677658081055,7.52714729309082,14.559541702270508
2005-01-12,4.584542274475098,16.049999237060547,22.33038330078125,25.921669006347656,31.472341537475586,372.1619873046875,10.32909870147705,8.39767837524414,17.079954147338867,28.54119873046875,15.287286758422852,40.543880462646484,27.634660720825195,37.08122253417969,45.51866912841797,62.34189987182617,3.9966516494750977,7.867504596710205,11.381021499633789,8.594179153442383,22.111967086791992,12.933685302734375,7.949999809265137,11.223966598510742,5.11334753036499,2.1965150833129883,12.997267723083496,1.535714030265808,8.619483947753906,7.561166763305664,13.841191291809082
2005-01-13,4.5143232345581055,15.699999809265137,22.354549407958984,25.864425659179688,30.97911834716797,370.0640869140625,10.306842803955078,8.333080291748047,16.93219757080078,28.510448455810547,14.83542251586914,40.569610595703125,27.23335075378418,36.701473236083984,45.54436111450195,64.23104858398438,4.04041051864624,7.754944801330566,11.292672157287598,8.565919876098633,22.24529457092285,12.690176963806152,7.989999771118164,11.367077827453613,5.172499656677246,2.183018445968628,12.988077163696289,1.551429033279419,8.60909652709961,7.365546226501465,13.8634033203125
2005-01-14,4.510629177093506,15.90999984741211,22.797607421875,26.102418899536133,31.135679244995117,368.805419921875,10.467052459716797,8.300780296325684,17.001455307006836,28.568523406982422,14.731456756591797,40.398067474365234,27.682828903198242,36.99187469482422,45.698486328125,64.13162994384766,4.10361909866333,7.571289539337158,11.469369888305664,8.523530006408691,23.22523307800293,12.906017303466797,8.050000190734863,11.196707725524902,5.251369476318359,2.183018445968628,13.070801734924316,1.6185710430145264,8.715543746948242,7.357041835784912,13.900430679321289
2005-01-18,4.59747838973999,15.960000038146973,23.152061462402344,26.228931427001953,31.41753387451172,368.97314453125,10.818623542785645,8.572090148925781,17.167686462402344,28.58220100402832,15.067353248596191,40.65538024902344,27.947689056396484,36.656795501708984,45.64710998535156,62.04362106323242,4.093895435333252,7.526859760284424,11.501496315002441,8.539427757263184,22.55860710144043,12.867271423339844,8.119999885559082,11.155817985534668,5.0673394203186035,2.352564811706543,13.171911239624023,1.614285945892334,8.7129487991333,7.3825578689575195,14.796520233154297
2005-01-19,4.580846309661865,15.430000305175781,22.958721160888672,25.88249397277832,31.167001724243164,366.45574951171875,10.547162055969238,8.604390144348145,16.7890567779541,28.09705924987793,14.655476570129395,40.072139739990234,27.578487396240234,36.23237991333008,44.82509994506836,57.7681770324707,4.04041051864624,7.716438293457031,11.132035255432129,8.472312927246094,22.045305252075195,12.562888145446777,8.029999732971191,11.005892753601074,5.021334648132324,2.2580912113189697,13.079994201660156,1.5814290046691895,8.57275390625,7.314515590667725,14.626192092895508
2005-01-20,4.521714210510254,15.619999885559082,22.974838256835938,25.623445510864258,30.838184356689453,366.37188720703125,10.533809661865234,8.552709579467773,16.738265991210938,27.86473846435547,14.503525733947754,39.45458984375,27.15308952331543,36.07600784301758,44.95354080200195,55.083595275878906,4.045273780822754,7.677929401397705,11.099910736083984,8.474080085754395,22.125301361083984,12.37471866607666,7.96999979019165,11.005892753601074,5.021334648132324,2.2530300617218018,12.969688415527344,1.5842859745025635,8.5000581741333,7.3315253257751465,14.515101432800293
2005-01-21,4.5420427322387695,15.3100004196167,22.676773071289062,25.32219886779785,30.885164260864258,368.0501708984375,10.433440208435059,8.494576454162598,16.61359977722168,27.878408432006836,14.59549617767334,39.11150360107422,27.209274291992188,35.87495803833008,45.210418701171875,57.9670295715332,4.00637674331665,8.10448169708252,11.148098945617676,8.5676851272583,22.51861000061035,12.291704177856445,7.940000057220459,10.801448822021484,4.955609321594238,2.274118185043335,13.006458282470703,1.5771429538726807,8.554574966430664,7.52714729309082,13.796753883361816
2005-01-24,4.534651756286621,14.739999771118164,22.515663146972656,25.310142517089844,30.924297332763672,369.1409912109375,10.07213020324707,8.501031875610352,16.285749435424805,27.76906967163086,14.735453605651855,39.12008285522461,27.04874038696289,36.07600784301758,45.595733642578125,60.55219268798828,3.9237213134765625,8.217042922973633,11.019593238830566,8.459948539733887,22.298622131347656,12.275103569030762,7.610000133514404,10.774187088012695,4.889886856079102,2.2462821006774902,13.01565170288086,1.5914289951324463,8.567561149597168,7.493124961853027,13.53756046295166
2005-01-25,4.518017292022705,15.25,23.200395584106445,25.376428604125977,31.276611328125,371.32281494140625,10.014140129089355,8.494576454162598,16.364255905151367,27.711000442504883,14.395560264587402,38.468223571777344,27.281509399414062,36.768497467041016,45.698486328125,62.04362106323242,3.9577577114105225,7.876392364501953,11.132035255432129,8.405198097229004,22.418615341186523,12.26956558227539,7.699999809265137,10.774187088012695,5.008189678192139,2.256404399871826,13.098377227783203,1.6185710430145264,8.6065034866333,7.620706081390381,13.61902141571045
2005-01-26,4.5420427322387695,15.800000190734863,23.02317237854004,25.361360549926758,30.86952018737793,370.90325927734375,10.683236122131348,8.520411491394043,16.442745208740234,27.765670776367188,14.603496551513672,38.49395751953125,27.44202995300293,37.10356903076172,46.289302825927734,61.44704055786133,3.9772043228149414,7.926750183105469,11.332828521728516,8.357510566711426,23.305227279663086,12.424531936645508,7.849999904632568,10.930929183959961,4.968753337860107,2.3694357872009277,13.466050148010254,1.5757139921188354,8.59871768951416,7.586684703826904,13.589397430419922
2005-01-27,4.373884677886963,15.770000457763672,22.797607421875,25.41558837890625,30.274507522583008,369.7283935546875,10.915191650390625,8.46227741241455,17.698701858520508,27.57093048095703,14.343575477600098,38.7684211730957,27.281509399414062,37.19292068481445,45.595733642578125,63.23675537109375,4.045273780822754,7.906013488769531,11.405116081237793,8.2321138381958,23.291894912719727,12.197624206542969,7.690000057220459,10.99226188659668,4.949037075042725,2.527172565460205,13.420092582702637,1.6014289855957031,8.487076759338379,7.586684703826904,13.46349811553955
2005-01-28,4.3646464347839355,15.619999885559082,22.741222381591797,25.150484085083008,30.344966888427734,368.4696960449219,10.986557960510254,8.429977416992188,17.744876861572266,27.946731567382812,14.267598152160645,38.674076080322266,26.976511001586914,36.79081726074219,44.979225158691406,64.62876892089844,3.943169593811035,7.90009069442749,11.58984661102295,8.20738697052002,23.325227737426758,11.920910835266113,7.739999771118164,11.333003044128418,5.165928363800049,2.368591785430908,13.392518043518066,1.6342860460281372,8.37543773651123,7.340031623840332,12.871044158935547
2005-01-31,4.390516757965088,15.6899995803833,23.06344985961914,25.57223129272461,30.438905715942383,373.84027099609375,11.11591911315918,8.429977416992188,17.670991897583008,28.124391555786133,14.231613159179688,38.511112213134766,27.490192413330078,37.97474670410156,45.133358001708984,65.8219223022461,4.001513481140137,7.932674884796143,11.613941192626953,8.187958717346191,23.49854850769043,12.308310508728027,7.920000076293945,11.223966598510742,5.2579426765441895,2.350034713745117,13.456857681274414,1.6428569555282593,8.357263565063477,7.348538398742676,13.337604522705078
2005-02-01,4.4200825691223145,16.350000381469727,23.200395584106445,25.46076202392578,30.31365203857422,372.58148193359375,11.120382308959961,8.494576454162598,17.920330047607422,28.093650817871094,14.347576141357422,39.00857925415039,27.522306442260742,37.8630485534668,44.77372360229492,62.5407600402832,3.9966516494750977,8.08967113494873,11.774577140808105,8.195025444030762,23.745201110839844,12.175485610961914,7.989999771118164,11.135372161865234,5.2579426765441895,2.2783358097076416,13.567161560058594,1.6399999856948853,8.204089164733887,7.26348352432251,13.87081241607666
2005-02-02,4.506932735443115,16.6299991607666,23.224563598632812,25.665603637695312,30.454574584960938,374.0080871582031,11.093621253967285,8.520411491394043,17.952653884887695,28.42845916748047,14.347576141357422,38.81130599975586,27.385848999023438,37.97474670410156,44.619598388671875,63.23675537109375,4.016101837158203,8.145951271057129,11.798673629760742,8.193258285522461,24.645145416259766,12.291704177856445,7.739999771118164,11.121743202209473,5.11334753036499,2.281709671020508,13.989984512329102,1.602856993675232,8.297551155090332,7.26348352432251,15.455623626708984
2005-02-03,4.549434661865234,16.479999542236328,23.200395584106445,25.737903594970703,30.274507522583008,376.693359375,11.035627365112305,8.51395320892334,18.23432159423828,28.54804039001465,14.355570793151855,38.57972717285156,27.75505828857422,37.34926223754883,44.5682258605957,62.83905029296875,3.9674806594848633,8.2111177444458,11.822769165039062,8.195025444030762,24.631811141967773,13.376429557800293,7.590000152587891,11.251225471496582,5.008189678192139,2.3306334018707275,13.999177932739258,1.7000000476837158,8.336493492126465,7.093380928039551,17.07006072998047
2005-02-04,4.545737266540527,17.219999313354492,23.611238479614258,26.102418899536133,30.407608032226562,378.0360107421875,11.209590911865234,8.643146514892578,18.42824935913086,29.142499923706055,14.735453605651855,39.1972770690918,28.332962036132812,36.83551025390625,44.13153076171875,63.83333969116211,3.962617874145508,8.08967113494873,12.031594276428223,8.237411499023438,25.69174575805664,12.983495712280273,7.900000095367432,11.24441146850586,5.2579426765441895,2.4883718490600586,14.155436515808105,1.7171430587768555,8.341689109802246,7.306008815765381,17.640302658081055
2005-02-07,4.521714210510254,15.260000228881836,24.07040786743164,26.277124404907227,30.376277923583984,380.2178039550781,11.312190055847168,8.75296401977539,18.211233139038086,29.41581153869629,14.663471221923828,39.325931549072266,28.605857849121094,37.34926223754883,45.41592025756836,61.24817657470703,3.933445453643799,8.145951271057129,12.409086227416992,8.272735595703125,25.231775283813477,13.116317749023438,7.949999809265137,11.149004936218262,5.185644149780273,2.4942758083343506,14.183012008666992,1.647143006324768,8.256012916564941,7.3995680809021,18.29939842224121
2005-02-08,4.547584056854248,15.710000038146973,24.038190841674805,25.99696922302246,30.61115074157715,380.9730224609375,11.263120651245117,8.75296401977539,17.97574234008789,29.67205238342285,14.575498580932617,38.6054573059082,28.493486404418945,38.1981315612793,45.77554702758789,58.961326599121094,3.9285831451416016,8.371072769165039,12.625946044921875,8.265670776367188,25.318435668945312,12.856207847595215,7.980000019073486,11.278483390808105,5.231651782989502,2.5018675327301025,14.146242141723633,1.6428569555282593,8.219663619995117,7.484620094299316,16.514633178710938
2005-02-09,4.5050859451293945,15.319999694824219,23.643455505371094,25.683679580688477,30.454574584960938,378.11993408203125,11.035627365112305,8.759425163269043,18.086566925048828,29.176651000976562,14.419550895690918,37.31031799316406,28.052045822143555,37.304603576660156,45.570045471191406,59.55789566040039,3.855652093887329,8.572500228881836,12.417119026184082,8.180896759033203,24.82513427734375,12.806396484375,7.670000076293945,11.407964706420898,5.1396379470825195,2.3432865142822266,14.247358322143555,1.63857102394104,8.157358169555664,7.314515590667725,15.388971328735352
2005-02-10,4.453344821929932,15.25,23.643455505371094,25.719825744628906,30.423255920410156,380.8890686035156,10.866125106811523,8.785264015197754,18.072710037231445,29.166427612304688,14.411550521850586,36.709922790527344,28.24466896057129,37.52798080444336,46.469120025634766,58.961326599121094,3.724374532699585,8.50437068939209,12.344834327697754,8.187958717346191,24.238502502441406,12.961359977722168,7.650000095367432,11.585150718688965,5.1593546867370605,2.3238861560821533,14.615025520324707,1.6185710430145264,8.227456092834473,7.459104537963867,15.396379470825195
2005-02-11,4.482909202575684,15.390000343322754,23.635404586791992,25.906600952148438,30.846017837524414,383.2387390136719,10.901811599731445,8.83694076538086,18.23432159423828,29.518312454223633,14.519515991210938,37.48186111450195,28.7101993560791,37.41629409790039,47.522315979003906,59.45845413208008,3.855652093887329,8.359227180480957,12.609884262084961,8.4263916015625,24.891796112060547,13.304483413696289,7.650000095367432,11.496557235717773,5.1396379470825195,2.43101167678833,15.047042846679688,1.592857003211975,8.18591594696045,7.186934471130371,15.848121643066406
2005-02-14,4.503237724304199,15.710000038146973,23.675682067871094,25.816225051879883,30.814699172973633,380.6373291015625,11.008869171142578,8.798181533813477,18.174293518066406,29.10833740234375,14.471536636352539,37.42182159423828,28.85466957092285,37.48330307006836,47.31681442260742,59.16018295288086,3.8216168880462646,8.288137435913086,12.633976936340332,8.339850425720215,24.965126037597656,13.321087837219238,7.699999809265137,11.448850631713867,5.251369476318359,2.450413227081299,14.697755813598633,1.5942859649658203,8.12879753112793,7.37405252456665,15.877756118774414
2005-02-15,4.530953407287598,15.600000381469727,23.8287410736084,25.73489761352539,30.415428161621094,381.140869140625,11.111457824707031,8.681906700134277,18.072710037231445,29.005849838256836,14.499527931213379,37.30174255371094,29.0312442779541,37.237586975097656,47.702125549316406,59.35903549194336,3.7778573036193848,8.294055938720703,12.489404678344727,8.362809181213379,25.07845115661621,13.271278381347656,7.599999904632568,11.496557235717773,5.1396379470825195,2.4208896160125732,14.91836166381836,1.6071430444717407,8.401400566101074,7.348538398742676,16.24803352355957
2005-02-16,4.529108047485352,15.579999923706055,23.627347946166992,25.475828170776367,30.30582618713379,382.9869689941406,11.040088653564453,8.630228996276855,17.948040008544922,29.125411987304688,14.443538665771484,37.36178207397461,29.19980239868164,37.639671325683594,48.24156951904297,60.05502700805664,3.841064453125,8.14002513885498,12.433183670043945,8.313356399536133,25.16511344909668,13.110785484313965,7.739999771118164,11.626036643981934,5.205362796783447,2.4208896160125732,15.240068435668945,1.5642859935760498,8.551981925964355,7.025335311889648,16.58128547668457
2005-02-17,4.481063365936279,15.699999809265137,23.643455505371094,25.46076202392578,29.945693969726562,380.9730224609375,10.817055702209473,8.501031875610352,17.826740264892578,28.9716796875,14.267598152160645,37.05300521850586,29.02322006225586,36.34407424926758,48.88376235961914,59.55789566040039,3.836202383041382,8.009692192077637,12.272546768188477,8.292163848876953,24.571815490722656,12.97242546081543,7.590000152587891,11.578332901000977,5.455115795135498,2.3534085750579834,14.734519004821777,1.5,8.474096298217773,6.846726894378662,16.84788703918457
2005-02-18,4.468128681182861,16.459999084472656,23.409841537475586,25.78911781311035,29.123655319213867,381.8961181640625,10.73676586151123,8.50749397277832,17.868724822998047,29.367982864379883,14.11964225769043,40.91269302368164,29.26400375366211,36.12067794799805,48.93513870239258,58.36476516723633,3.792445421218872,8.074860572814941,12.160103797912598,8.24624252319336,24.351829528808594,12.811927795410156,7.539999961853027,11.660111427307129,5.527411460876465,2.318824529647827,14.615025520324707,1.5257140398025513,8.507847785949707,6.812706470489502,16.677560806274414
2005-02-22,4.4404096603393555,17.280000686645508,22.90233612060547,26.24398422241211,29.139310836791992,378.11993408203125,10.397756576538086,8.51395320892334,17.756759643554688,29.10833740234375,14.147636413574219,41.94194412231445,28.605857849121094,35.96431350708008,48.08744430541992,55.282447814941406,3.661166191101074,8.184459686279297,11.878989219665527,8.33808422088623,24.19850730895996,12.723381996154785,7.440000057220459,11.37389087677002,5.2250800132751465,2.2935194969177246,14.183012008666992,1.458570957183838,8.3988037109375,6.744663715362549,16.307273864746094
2005-02-23,4.460736274719238,16.459999084472656,23.079566955566406,26.548233032226562,29.241085052490234,379.21075439453125,10.370993614196777,8.526873588562012,17.822065353393555,28.81794548034668,14.215618133544922,41.89905548095703,28.48546600341797,36.07600784301758,48.036067962646484,55.8790283203125,3.7340986728668213,8.08967113494873,11.83883285522461,8.25683879852295,24.19183921813965,12.41346263885498,7.5,11.407964706420898,5.1396379470825195,2.3146066665649414,14.385231018066406,1.4557139873504639,8.523426055908203,6.676621913909912,16.107322692871094
2005-02-24,4.4644317626953125,16.579999923706055,22.676773071289062,26.954912185668945,29.241085052490234,382.7351989746094,10.442364692687988,8.526873588562012,17.859394073486328,28.9716796875,14.195619583129883,41.856170654296875,28.62190818786621,36.031333923339844,47.625064849853516,55.48130416870117,3.7729969024658203,8.14002513885498,11.758514404296875,8.320558547973633,24.5251522064209,12.391326904296875,7.599999904632568,11.380708694458008,5.152781963348389,2.3449738025665283,14.063521385192871,1.4857139587402344,8.538999557495117,6.863736629486084,15.737035751342773
2005-02-25,4.473670482635498,16.829999923706055,22.467329025268555,27.096500396728516,29.095653533935547,384.16741943359375,10.384374618530273,8.526873588562012,18.15797996520996,29.467071533203125,14.475532531738281,42.67957305908203,28.798492431640625,36.567440032958984,47.83056640625,51.205867767333984,3.8994102478027344,8.065970420837402,11.710323333740234,8.247991561889648,24.591814041137695,12.590561866760254,7.699999809265137,11.237591743469238,5.172499656677246,2.3829312324523926,13.971601486206055,1.5700000524520874,8.468902587890625,6.889253616333008,15.848121643066406
2005-02-28,4.445954322814941,17.920000076293945,22.507606506347656,27.433883666992188,28.820493698120117,384.16741943359375,10.402219772338867,8.488112449645996,18.213973999023438,29.89412498474121,14.383566856384277,42.88542175292969,28.477439880371094,35.80794906616211,48.036067962646484,55.38188552856445,3.743823766708374,8.021539688110352,11.67819881439209,8.170113563537598,24.445158004760742,12.800861358642578,7.690000057220459,11.789589881896973,5.389388561248779,2.362687587738037,14.081905364990234,1.5285710096359253,8.427364349365234,6.69363260269165,15.470438957214355
2005-03-01,4.493997097015381,18.799999237060547,22.942615509033203,27.066354751586914,29.00130271911621,385.1783752441406,10.678777694702148,8.526873588562012,18.237295150756836,30.0478572845459,14.495526313781738,42.0620231628418,28.581769943237305,36.83551025390625,48.37001037597656,58.56361389160156,3.855652093887329,8.217042922973633,11.870959281921387,8.247991561889648,24.50515365600586,12.784261703491211,7.510000228881836,11.871371269226074,5.566845893859863,2.4664392471313477,13.989984512329102,1.541429042816162,8.536404609680176,6.923274517059326,15.077938079833984
2005-03-02,4.493997097015381,18.280000686645508,23.11178207397461,27.07540512084961,29.095653533935547,385.5995788574219,10.57618236541748,8.53333568572998,18.42857551574707,29.730138778686523,14.583505630493164,42.42226028442383,28.501510620117188,36.522769927978516,48.47275924682617,58.86188888549805,3.7729969024658203,8.28516960144043,11.806702613830566,8.309937477111816,25.24510955810547,12.89494514465332,7.369999885559082,11.92588996887207,5.619422912597656,2.463909387588501,13.750996589660645,1.5257140398025513,8.533808708190918,6.872242450714111,14.922420501708984
2005-03-03,4.50139045715332,18.940000534057617,23.015117645263672,27.03624153137207,28.490306854248047,383.5776672363281,10.536036491394043,8.501031875610352,18.358596801757812,29.55248260498047,14.543521881103516,42.053443908691406,29.09545135498047,36.388736724853516,48.70395278930664,57.171600341796875,3.9285831451416016,8.145951271057129,11.854893684387207,8.292236328125,24.945125579833984,13.060976028442383,7.46999979019165,12.04173469543457,5.718011379241943,2.448725700378418,13.622307777404785,1.5085710287094116,8.442940711975098,6.727652072906494,14.944635391235352
2005-03-04,4.525411128997803,19.1200008392334,23.26484489440918,27.03624153137207,28.773330688476562,385.85235595703125,10.656476020812988,8.481657028198242,18.433244705200195,29.620813369750977,14.563505172729492,42.42226028442383,29.721511840820312,36.634464263916016,49.06357955932617,56.276737213134766,3.9285831451416016,8.205194473266602,11.878989219665527,8.263920783996582,26.35170555114746,12.955825805664062,7.46999979019165,12.075811386108398,5.888895034790039,2.4706575870513916,13.50282096862793,1.5285710096359253,8.513040542602539,6.778686046600342,14.803927421569824
2005-03-07,4.51247501373291,19.469999313354492,23.329282760620117,26.99407196044922,28.694711685180664,385.85235595703125,10.48250961303711,8.46227741241455,18.512563705444336,29.525144577026367,14.599494934082031,42.12206268310547,29.72953224182129,36.50042724609375,49.371829986572266,58.56361389160156,3.8750991821289062,8.326640129089355,11.927181243896484,8.318788528442383,27.138322830200195,13.033303260803223,7.460000038146973,12.184850692749023,5.816597938537598,2.463909387588501,13.58554744720459,1.5128569602966309,8.679198265075684,6.506515979766846,14.07076358795166
2005-03-08,4.466280937194824,19.43000030517578,22.982887268066406,26.956327438354492,28.60822105407715,383.7461853027344,10.531578063964844,8.287859916687012,18.512563705444336,29.15958023071289,14.43554973602295,41.93336486816406,29.480724334716797,35.78561019897461,49.14064025878906,57.66875076293945,3.8750991821289062,8.317757606506348,11.718356132507324,8.396668434143066,26.998332977294922,12.452201843261719,7.300000190734863,12.232556343078613,5.685149192810059,2.4293248653411865,13.40170955657959,1.445713996887207,8.736313819885254,6.58306360244751,13.700485229492188
2005-03-09,4.453344821929932,18.3700008392334,22.53982925415039,26.67547035217285,28.40382957458496,378.6070861816406,10.43790054321289,8.100530624389648,18.40058708190918,29.176651000976562,14.451542854309082,41.98482894897461,29.296127319335938,35.42820358276367,48.498451232910156,55.68017578125,3.8216168880462646,8.193345069885254,11.38905143737793,8.297547340393066,27.0049991607666,12.562888145446777,7.309999942779541,12.280258178710938,5.672004222869873,2.425107717514038,13.27302360534668,1.4299999475479126,8.741506576538086,6.540538311004639,13.18949031829834
2005-03-10,4.457040786743164,18.579999923706055,22.555938720703125,26.874788284301758,28.568927764892578,379.95501708984375,10.237174987792969,7.977789878845215,18.42857551574707,29.38164520263672,14.46353816986084,41.76182174682617,28.991104125976562,35.89730453491211,49.11495590209961,54.18873596191406,3.782719850540161,8.228891372680664,11.421180725097656,8.262149810791016,27.158323287963867,12.407926559448242,7.400000095367432,12.362034797668457,5.520838260650635,2.482466697692871,13.328173637390137,1.4128570556640625,8.731122970581055,6.761673450469971,13.226520538330078
2005-03-11,4.4348673820495605,18.459999084472656,22.225656509399414,26.606008529663086,28.466718673706055,380.0393371582031,10.08105182647705,8.081151008605957,18.442584991455078,29.39873695373535,14.423547744750977,41.68463134765625,29.36033058166504,36.433414459228516,49.62870788574219,53.29387283325195,3.7486846446990967,8.214083671569824,10.986547470092773,8.409056663513184,26.77834701538086,12.203157424926758,7.349999904632568,12.321146965026855,5.586562633514404,2.500180721282959,13.456857681274414,1.3471430540084839,8.637657165527344,6.608580112457275,12.856237411499023
2005-03-14,4.451496124267578,18.350000381469727,22.57205581665039,27.03484535217285,28.773330688476562,384.67291259765625,10.37545394897461,7.7000250816345215,18.64786148071289,29.698291778564453,14.427545547485352,41.641746520996094,29.593088150024414,35.96431350708008,50.630531311035156,52.99559020996094,3.7486846446990967,8.276286125183105,11.300448417663574,8.598443031311035,26.898338317871094,11.871098518371582,7.349999904632568,12.361350059509277,5.606278896331787,2.5246429443359375,13.613120079040527,1.3571430444717407,8.8245849609375,6.676621913909912,13.137648582458496
2005-03-15,4.372039318084717,18.190000534057617,23.03927993774414,26.84457778930664,28.891250610351562,383.9147033691406,10.48250961303711,7.538529396057129,18.755155563354492,29.4381103515625,14.267598152160645,40.569610595703125,29.42453956604004,35.98666763305664,50.70759201049805,52.99559020996094,3.6708927154541016,8.2111177444458,11.437277793884277,8.504633903503418,26.898338317871094,11.854496955871582,7.239999771118164,12.048556327819824,5.5471272468566895,2.516207218170166,13.732613563537598,1.3142859935760498,8.803816795349121,6.472496032714844,13.448692321777344
2005-03-16,4.327691555023193,18.31999969482422,23.079566955566406,26.11677360534668,28.506027221679688,382.90374755859375,10.415595054626465,7.428713798522949,18.685182571411133,28.6712589263916,14.131640434265137,40.31229782104492,29.047306060791016,35.629249572753906,50.01402282714844,52.00129699707031,3.6368563175201416,8.14002513885498,11.606301307678223,8.442686080932617,26.498363494873047,11.898767471313477,7.210000038146973,11.55107593536377,5.5537004470825195,2.490058422088623,13.741805076599121,1.309999942779541,8.72592830657959,6.166306495666504,12.826613426208496
2005-03-17,4.323994159698486,18.079999923706055,22.854000091552734,26.409709930419922,28.490306854248047,380.5447998046875,10.45128345489502,7.590208530426025,18.862476348876953,28.585683822631836,14.079652786254883,39.80624771118164,29.05533218383789,35.629249572753906,50.37364959716797,53.49272918701172,3.7729969024658203,8.17557430267334,11.871909141540527,8.584281921386719,26.7316837310791,11.854496955871582,7.300000190734863,11.84411334991455,5.5537004470825195,2.5710361003875732,13.732613563537598,1.3142859935760498,8.694772720336914,6.149296283721924,12.893261909484863
2005-03-18,4.314756393432617,17.770000457763672,22.62844467163086,26.5758113861084,28.458852767944336,375.7427062988281,10.48250961303711,7.596668720245361,18.89046859741211,28.31523323059082,14.0556640625,39.96921157836914,30.997699737548828,36.008995056152344,50.73328399658203,52.597869873046875,3.758408546447754,8.294055938720703,11.590203285217285,8.548882484436035,27.33164405822754,11.666327476501465,7.210000038146973,11.878185272216797,5.5537004470825195,2.555008888244629,13.567161560058594,1.3142859935760498,8.78304672241211,5.9451704025268555,12.315624237060547
2005-03-21,4.28888463973999,17.860000610351562,22.70094108581543,26.624128341674805,28.325214385986328,371.9515686035156,10.40667724609375,7.57728910446167,18.778499603271484,27.979719161987305,13.97569465637207,39.45458984375,30.467954635620117,36.14302062988281,50.78466033935547,53.5921745300293,3.797306776046753,8.14002513885498,11.646543502807617,8.543573379516602,27.61162757873535,11.694002151489258,7.300000190734863,11.953149795532227,5.586562633514404,2.5845320224761963,13.484435081481934,1.3300000429153442,8.821990966796875,5.91965389251709,12.493359565734863
2005-03-22,4.257471561431885,17.75,22.37871551513672,26.3674373626709,28.05791664123535,371.109130859375,9.750965118408203,7.596668720245361,18.63385581970215,28.157739639282227,13.779752731323242,39.463165283203125,30.11480140686035,35.60690689086914,50.476402282714844,52.49844741821289,3.7729969024658203,8.119294166564941,11.590203285217285,8.522333145141602,27.164989471435547,11.6165189743042,7.28000020980835,11.987220764160156,5.49454927444458,2.5482609272003174,13.50282096862793,1.307142972946167,8.754490852355957,6.055738925933838,12.58222770690918
2005-03-23,4.323994159698486,17.889999389648438,22.37871551513672,26.2979736328125,28.112953186035156,370.26666259765625,9.447636604309082,7.719405174255371,18.615201950073242,28.01738739013672,13.959697723388672,39.463165283203125,30.154935836791992,34.981441497802734,50.50209045410156,53.890445709228516,3.7778573036193848,8.086709022521973,11.574105262756348,8.506404876708984,26.585023880004883,11.622054100036621,7.03000020980835,12.048556327819824,5.625998497009277,2.5431997776031494,13.475244522094727,1.3128570318222046,8.710354804992676,5.911149978637695,12.515573501586914
2005-03-24,4.305515766143799,17.84000015258789,22.354549407958984,26.3221378326416,27.95571517944336,366.72821044921875,9.264756202697754,7.758159160614014,18.56854248046875,28.226207733154297,13.89970874786377,39.608978271484375,29.95427131652832,35.740936279296875,50.57915115356445,52.99559020996094,3.889686107635498,8.054126739501953,11.541911125183105,8.531183242797852,26.698352813720703,11.622054100036621,7.119999885559082,12.096260070800781,5.652286529541016,2.5305471420288086,13.55797004699707,1.2899999618530273,8.603906631469727,5.979191780090332,12.885859489440918
2005-03-28,4.340623378753662,17.81999969482422,22.692888259887695,26.325157165527344,28.1444034576416,365.7173156738281,9.278135299682617,7.783999919891357,18.56854248046875,28.31865119934082,13.883715629577637,39.66901779174805,30.010454177856445,36.12067794799805,50.96446990966797,52.49844741821289,3.8994102478027344,8.021539688110352,11.574105262756348,8.571892738342285,26.7316837310791,11.566715240478516,7.21999979019165,12.150777816772461,5.764019012451172,2.557539463043213,13.567161560058594,1.397143006324768,8.793431282043457,5.979191780090332,13.241332054138184
2005-03-29,4.3110575675964355,17.399999618530273,22.475385665893555,26.255699157714844,28.309497833251953,360.32550048828125,8.956968307495117,7.7775421142578125,18.28394889831543,27.558635711669922,13.939696311950684,39.31735610961914,29.769670486450195,35.89730453491211,50.19384002685547,53.49272918701172,3.9091336727142334,8.024502754211426,11.300448417663574,8.499322891235352,25.891735076904297,11.112898826599121,6.809999942779541,11.95996379852295,5.823170185089111,2.5280158519744873,13.567161560058594,1.442857027053833,8.905069351196289,6.0217180252075195,13.515339851379395
2005-03-30,4.379427909851074,17.700000762939453,22.837888717651367,26.636213302612305,28.631816864013672,366.8966979980469,9.104172706604004,7.8550567626953125,18.311948776245117,27.668188095092773,14.167625427246094,39.06861877441406,29.970338821411133,36.522769927978516,50.01402282714844,56.37617492675781,3.9140267372131348,7.971182346343994,11.525812149047852,8.586051940917969,26.73834800720215,11.456022262573242,6.940000057220459,12.109889030456543,5.86260461807251,2.588749647140503,13.677462577819824,1.464285969734192,8.905069351196289,5.9451704025268555,13.722701072692871
2005-03-31,4.377582550048828,17.579999923706055,23.144010543823242,26.732845306396484,28.757606506347656,365.633056640625,9.144314765930176,7.932573318481445,18.596540451049805,27.935226440429688,14.195619583129883,39.137237548828125,29.6091365814209,35.96431350708008,49.371829986572266,55.8790283203125,3.9287045001983643,8.068934440612793,11.646543502807617,8.62852954864502,26.0650577545166,11.40068531036377,7.050000190734863,12.116701126098633,5.829741954803467,2.614898443222046,13.594736099243164,1.5499999523162842,8.770065307617188,5.996201515197754,13.804159164428711
2005-04-01,4.372039318084717,17.729999542236328,23.02317237854004,26.439916610717773,28.30162811279297,363.6953430175781,8.890058517456055,7.867977619171143,18.55921173095703,28.003686904907227,14.07165813446045,39.24016189575195,29.26400375366211,35.0261116027832,49.2433967590332,55.282447814941406,3.8553168773651123,8.148910522460938,11.49361801147461,8.509943008422852,25.985063552856445,11.245719909667969,6.920000076293945,12.048556327819824,5.6982951164245605,2.633455753326416,13.714228630065918,1.5471429824829102,8.668813705444336,5.91965389251709,13.656049728393555
2005-04-04,4.4182353019714355,17.65999984741211,22.90233612060547,26.397624969482422,28.1444034576416,363.77960205078125,8.854374885559082,7.919653415679932,18.680511474609375,28.38027572631836,14.25560474395752,40.18363952636719,29.456636428833008,36.05366516113281,48.6525764465332,54.18873596191406,3.781928777694702,8.145951271057129,11.590203285217285,8.517023086547852,26.285043716430664,11.068622589111328,7.480000019073486,12.130331039428711,5.685149192810059,2.576096296310425,13.677462577819824,1.5657140016555786,8.629871368408203,5.90264368057251,13.46349811553955
2005-04-05,4.471824645996094,17.670000076293945,22.990947723388672,26.24361228942871,28.120813369750977,365.2118225097656,8.658106803894043,8.216803550720215,18.624526977539062,27.866743087768555,14.303584098815918,39.7119026184082,29.40848731994629,35.718597412109375,48.909454345703125,55.58073806762695,4.099945068359375,8.178535461425781,11.646543502807617,8.566584587097168,26.171716690063477,10.891524314880371,7.449999809265137,12.096260070800781,5.875748157501221,2.5718796253204346,13.72342300415039,1.545714020729065,8.637657165527344,5.953675746917725,13.552366256713867
2005-04-06,4.497715950012207,17.719999313354492,22.8862247467041,26.122800827026367,28.042200088500977,363.18988037109375,8.72055721282959,8.429977416992188,18.7691593170166,27.64422607421875,14.362234115600586,40.02067565917969,29.46466636657715,36.23237991333008,48.34431838989258,53.5921745300293,4.01677131652832,8.057085037231445,11.670689582824707,8.518794059753418,26.07172393798828,10.924732208251953,7.5,12.089445114135742,5.79030704498291,2.555008888244629,13.925640106201172,1.5857139825820923,8.567561149597168,5.894139289855957,13.204302787780762
2005-04-07,4.4845476150512695,17.719999313354492,23.11983299255371,26.122800827026367,28.128673553466797,364.537841796875,8.890058517456055,8.365377426147461,18.806486129760742,27.80169677734375,14.321792602539062,40.01210021972656,29.601123809814453,36.656795501708984,48.626888275146484,54.387603759765625,3.982523202896118,8.134101867675781,11.50971794128418,8.513484001159668,26.551692962646484,10.791906356811523,7.21999979019165,12.068998336791992,5.829741954803467,2.5389819145202637,13.852107048034668,1.605713963508606,8.640253067016602,5.8431077003479,13.019161224365234
2005-04-08,4.467620372772217,17.59000015258789,22.8781681060791,25.932554244995117,27.96357536315918,360.156982421875,8.617962837219238,8.47519302368164,18.74583625793457,27.685306549072266,14.184272766113281,40.31229782104492,29.30414581298828,34.84740447998047,48.34431838989258,53.79102325439453,3.94338321685791,8.30591106414795,11.324596405029297,8.508173942565918,26.518362045288086,10.708893775939941,6.980000019073486,11.60559368133545,5.856032371520996,2.526329755783081,13.815338134765625,1.7157139778137207,8.585737228393555,5.8431077003479,12.69330883026123
2005-04-11,4.482669353485107,17.399999618530273,22.660659790039062,25.89934539794922,28.06578254699707,360.6624450683594,8.586738586425781,8.546252250671387,18.685182571411133,27.40115737915039,14.11551570892334,40.578189849853516,29.49679183959961,34.6910514831543,48.13882064819336,53.98988342285156,3.9629528522491455,8.276286125183105,11.316546440124512,8.548882484436035,26.511695861816406,10.459847450256348,6.75,11.414779663085938,5.856032371520996,2.4917447566986084,13.567161560058594,1.698570966720581,8.59871768951416,5.698517799377441,12.782179832458496
2005-04-12,4.493954181671143,17.5,22.66872215270996,26.153018951416016,28.042200088500977,361.9261474609375,8.66702938079834,8.57855224609375,18.755155563354492,27.370349884033203,14.232809066772461,41.0499267578125,29.585067749023438,34.6910514831543,47.573692321777344,53.79102325439453,3.918919801712036,8.258514404296875,11.413130760192871,8.596671104431152,26.43836784362793,11.799150466918945,6.75,11.653294563293457,5.895467281341553,2.5229554176330566,13.55797004699707,1.6671429872512817,8.705161094665527,5.809086799621582,12.678497314453125
2005-04-13,4.482669353485107,17.469999313354492,22.314271926879883,25.980865478515625,27.94786262512207,359.1459655761719,8.470759391784668,8.539793968200684,18.6665096282959,27.39089584350586,14.11551570892334,41.12712097167969,28.662038803100586,34.5123405456543,47.265438079833984,52.597869873046875,3.9140267372131348,8.279247283935547,11.244107246398926,8.552422523498535,25.79840660095215,11.278923988342285,6.610000133514404,11.496557235717773,5.783735275268555,2.495119333267212,13.374134063720703,1.7300000190734863,8.689583778381348,5.54542350769043,12.160101890563965
2005-04-14,4.4488091468811035,16.65999984741211,22.257875442504883,25.624507904052734,27.554771423339844,357.6295471191406,8.426154136657715,8.455815315246582,18.56854248046875,27.866743087768555,14.111474990844727,40.71541976928711,28.316898345947266,34.62403106689453,46.49480438232422,52.697303771972656,3.747680425643921,8.181500434875488,11.260204315185547,9.155976295471191,24.868465423583984,10.930264472961426,6.650000095367432,11.074040412902832,5.566845893859863,2.4335427284240723,13.30979061126709,1.7114289999008179,8.580543518066406,5.528412818908691,11.545431137084961
2005-04-15,4.326537132263184,16.15999984741211,22.048431396484375,25.256074905395508,26.729320526123047,355.5233154296875,8.154053688049316,8.39767837524414,17.943368911743164,27.558635711669922,13.812176704406738,40.6296501159668,27.843347549438477,33.93154525756836,45.26179122924805,51.205867767333984,3.791713237762451,8.054126739501953,10.962398529052734,9.265715599060059,25.09844970703125,10.769766807556152,6.699999809265137,10.63107681274414,5.4419708251953125,2.404863119125366,13.227062225341797,1.6699999570846558,8.424769401550293,5.0351080894470215,11.4935941696167
2005-04-18,4.3660383224487305,16.329999923706055,21.702035903930664,25.20171546936035,26.650705337524414,362.0946350097656,8.207584381103516,8.333080291748047,18.05534553527832,27.182069778442383,13.751507759094238,39.497474670410156,28.01190185546875,33.75284194946289,43.823280334472656,50.50987243652344,3.777036190032959,8.11633014678955,10.793376922607422,9.154207229614258,25.998394012451172,11.19591236114502,6.659999847412109,10.433450698852539,5.586562633514404,2.3795580863952637,13.227062225341797,1.6185710430145264,8.341689109802246,5.018097877502441,11.663924217224121
2005-04-19,4.36415958404541,16.799999237060547,21.871206283569336,25.331571578979492,26.30479621887207,362.68438720703125,8.368165016174316,8.410600662231445,18.167320251464844,26.90819549560547,13.816222190856934,39.07719802856445,27.915590286254883,33.81985855102539,43.232460021972656,51.901878356933594,3.806392192840576,8.163722038269043,10.66459846496582,9.044469833374023,26.2083797454834,11.50583267211914,6.71999979019165,10.460708618164062,5.632569313049316,2.4740312099456787,13.18110466003418,1.659999966621399,8.271588325500488,5.043613433837891,11.99717903137207
2005-04-20,4.319011688232422,16.780000686645508,21.44425392150879,24.75476837158203,26.061086654663086,360.7467346191406,8.510903358459473,8.333080291748047,18.10665512084961,26.483688354492188,13.662525177001953,38.614036560058594,27.31360626220703,32.97101593017578,42.487518310546875,50.7087287902832,3.7134335041046143,8.098556518554688,10.543863296508789,8.978982925415039,25.448429107666016,11.289997100830078,6.599999904632568,10.4470796585083,5.1922173500061035,2.447882652282715,12.914543151855469,1.635714054107666,8.175530433654785,4.74592924118042,12.323025703430176
2005-04-21,4.360398292541504,17.299999237060547,22.290103912353516,25.79061508178711,26.045360565185547,359.9042053222656,8.481826782226562,8.501031875610352,18.143991470336914,26.737030029296875,13.856669425964355,37.87640380859375,28.22861099243164,33.842201232910156,42.9755859375,51.106441497802734,3.8846707344055176,8.065970420837402,10.696791648864746,9.044469833374023,25.168445587158203,11.627585411071777,6.96999979019165,10.583373069763184,5.152781963348389,2.4858410358428955,13.079994201660156,1.7357139587402344,8.372843742370605,5.009593486785889,12.737748146057129
2005-04-22,4.36415958404541,17.049999237060547,21.99204444885254,25.364805221557617,25.723039627075195,349.71026611328125,8.575774192810059,8.442895889282227,18.255956649780273,26.788368225097656,13.775775909423828,37.52474594116211,27.915590286254883,32.61359786987305,42.25632858276367,50.7087287902832,3.679185390472412,8.068934440612793,10.543863296508789,8.932962417602539,24.34849739074707,10.719961166381836,6.610000133514404,10.522040367126465,5.2250800132751465,2.450413227081299,12.914543151855469,1.600000023841858,8.258611679077148,4.99258279800415,12.796989440917969
2005-04-25,4.386730670928955,17.079999923706055,21.911483764648438,25.88121223449707,25.83309555053711,351.98492431640625,8.5534086227417,8.46227741241455,18.423913955688477,26.771251678466797,13.775775909423828,38.38245391845703,28.164411544799805,33.172054290771484,42.770084381103516,51.106441497802734,3.7623584270477295,7.971182346343994,10.640447616577148,8.922344207763672,24.488487243652344,10.830650329589844,6.599999904632568,10.515226364135742,5.2579426765441895,2.4968059062957764,13.18110466003418,1.6428569555282593,8.409189224243164,5.06912899017334,12.634064674377441
2005-04-26,4.356635093688965,16.920000076293945,21.58926010131836,25.61545753479004,25.888137817382812,348.6993408203125,8.611556053161621,8.449355125427246,18.451906204223633,26.476842880249023,13.751507759094238,37.6962890625,27.915590286254883,32.39021682739258,41.66551208496094,48.42185974121094,3.6987574100494385,8.196306228637695,10.608254432678223,9.009072303771973,24.018516540527344,10.5816011428833,6.309999942779541,10.338042259216309,5.1922173500061035,2.4883718490600586,13.098377227783203,1.614285945892334,8.206686019897461,4.97557258605957,12.478547096252441
2005-04-27,4.409304618835449,17.309999465942383,21.621475219726562,25.4282169342041,26.006046295166016,348.7835998535156,8.611556053161621,8.423518180847168,18.489242553710938,26.370718002319336,14.244938850402832,38.59688186645508,28.06809425354004,32.94866943359375,41.46001052856445,46.43328857421875,3.7721433639526367,8.468828201293945,10.559962272644043,9.026769638061523,24.188507080078125,10.69782543182373,6.260000228881836,10.66515064239502,5.264514446258545,2.5178940296173096,13.05241584777832,1.6428569555282593,8.28717041015625,4.9840779304504395,11.826848030090332
2005-04-28,4.424353122711182,17.200000762939453,20.86424446105957,25.06582260131836,25.817373275756836,344.8239440917969,8.593669891357422,8.339539527893066,18.596540451049805,26.336483001708984,14.176188468933105,39.3602409362793,27.385848999023438,31.720077514648438,39.50774002075195,47.029850006103516,3.644937515258789,8.533988952636719,10.431182861328125,8.955973625183105,23.568544387817383,10.349163055419922,6.199999809265137,10.338042259216309,5.11334753036499,2.4554738998413086,12.960494041442871,1.644286036491394,8.276782989501953,4.7544355392456055,12.330434799194336
2005-04-29,4.477025032043457,17.149999618530273,21.267030715942383,25.035621643066406,26.22617530822754,349.71026611328125,8.566824913024902,8.307241439819336,18.629192352294922,26.42548179626465,14.479533195495605,39.62613296508789,27.97178077697754,32.85932540893555,39.63618087768555,47.32814407348633,3.747680425643921,8.519180297851562,10.584111213684082,9.01438045501709,23.528547286987305,10.636945724487305,6.199999809265137,10.74011516571045,5.172499656677246,2.476562023162842,12.923731803894043,1.649999976158142,8.333897590637207,4.958560943603516,12.500762939453125
2005-05-02,4.473262786865234,17.139999389648438,21.21063995361328,25.349700927734375,26.061086654663086,348.6993408203125,8.723398208618164,8.20388126373291,18.507898330688477,26.18926239013672,14.143832206726074,38.12514114379883,28.180458068847656,32.39021682739258,40.432498931884766,49.61500549316406,3.6889703273773193,8.519180297851562,10.423134803771973,8.911724090576172,23.948522567749023,11.040953636169434,6.300000190734863,11.64648151397705,5.1593546867370605,2.5111467838287354,12.886962890625,1.6528569459915161,8.346882820129395,4.88201379776001,12.64887523651123
2005-05-03,4.477025032043457,16.8799991607666,21.146194458007812,25.29232406616211,25.903854370117188,349.4575500488281,8.624982833862305,8.145746231079102,18.30260467529297,26.124225616455078,14.022499084472656,38.502532958984375,28.332962036132812,31.474353790283203,40.509559631347656,50.31100845336914,3.664508819580078,8.522147178649902,10.463377952575684,8.955973625183105,24.248502731323242,10.437712669372559,6.25,11.442036628723145,4.955609321594238,2.5178940296173096,12.776662826538086,1.6485710144042969,8.352072715759277,4.728920936584473,12.197131156921387
2005-05-04,4.477025032043457,17.079999923706055,21.581201553344727,25.7755184173584,26.234039306640625,353.7541809082031,8.790502548217773,8.294320106506348,18.139312744140625,26.13791847229004,14.034626007080078,38.59688186645508,28.78243064880371,31.96580696105957,40.509559631347656,52.00129699707031,3.9140267372131348,8.676177024841309,10.431182861328125,9.154207229614258,24.41849136352539,11.184844970703125,6.389999866485596,11.55107593536377,5.1922173500061035,2.5727224349975586,12.730703353881836,1.657142996788025,8.466303825378418,4.933045387268066,12.034207344055176
2005-05-05,4.4544525146484375,17.1200008392334,21.516759872436523,25.597333908081055,26.257625579833984,356.3658447265625,8.723398208618164,8.223262786865234,18.07867431640625,26.083148956298828,13.872842788696289,39.6175537109375,28.124279022216797,31.988149642944336,39.53342819213867,52.89616394042969,3.9140267372131348,8.81539535522461,10.382889747619629,9.071022033691406,24.49848747253418,11.273395538330078,6.369999885559082,11.591963768005371,5.021334648132324,2.5727224349975586,12.78585433959961,1.6342860460281372,8.372843742370605,5.026603698730469,11.819442749023438
2005-05-06,4.443164825439453,17.09000015258789,21.661758422851562,26.07448959350586,26.202592849731445,353.9226989746094,8.723398208618164,8.307241439819336,18.26528549194336,26.346750259399414,13.97800064086914,39.463165283203125,28.509536743164062,31.0499267578125,39.61049270629883,53.49272918701172,3.8993499279022217,8.981278419494629,10.431182861328125,9.072792053222656,24.958457946777344,10.437712669372559,6.230000019073486,11.714629173278809,4.962183475494385,2.5558524131774902,12.804237365722656,1.6528569459915161,8.341689109802246,4.830982208251953,12.471139907836914
2005-05-09,4.435641765594482,17.06999969482422,21.7987060546875,25.847997665405273,26.178997039794922,355.8603210449219,8.69655704498291,8.333080291748047,18.479902267456055,26.285127639770508,13.969914436340332,40.08929443359375,28.629928588867188,31.385007858276367,39.68755340576172,53.29387283325195,3.9874155521392822,8.850943565368652,10.262157440185547,9.152437210083008,25.688413619995117,10.327024459838867,6.21999979019165,11.891815185546875,4.929320812225342,2.607306480407715,12.868581771850586,1.6585710048675537,8.39101791381836,4.788456916809082,12.626662254333496
2005-05-10,4.411186218261719,16.889999389648438,21.710092544555664,25.48257827758789,26.037498474121094,354.59661865234375,8.915759086608887,8.152206420898438,18.433244705200195,25.92568016052246,13.884980201721191,40.17506408691406,28.124279022216797,32.14450454711914,47.36819076538086,51.603580474853516,3.9629528522491455,8.859833717346191,9.980449676513672,9.08163833618164,25.678415298461914,9.657378196716309,6.139999866485596,11.939516067504883,4.922747611999512,2.5803141593933105,12.776662826538086,1.6542860269546509,8.331304550170898,4.5503106117248535,13.196895599365234
2005-05-11,4.382970809936523,16.809999465942383,21.484535217285156,25.262128829956055,25.510766983032227,351.9007263183594,8.759186744689941,8.04885196685791,18.484567642211914,25.864044189453125,13.905200004577637,40.0378303527832,27.90756607055664,31.653057098388672,46.77737045288086,51.404727935791016,3.9091336727142334,8.916112899780273,9.819476127624512,9.046238899230957,25.698413848876953,9.541154861450195,6.110000133514404,12.048556327819824,4.85045051574707,2.5668179988861084,12.776662826538086,1.850000023841858,8.300148963928223,4.499276161193848,10.923357009887695
2005-05-12,4.373565196990967,16.59000015258789,21.548978805541992,25.108102798461914,25.699453353881836,345.4136657714844,8.620508193969727,8.08760929107666,18.56854248046875,25.74422264099121,13.86879825592041,39.34308624267578,27.5463809967041,31.697742462158203,46.263614654541016,52.20016098022461,3.894456386566162,8.978317260742188,9.843624114990234,9.053319931030273,25.43842887878418,9.126080513000488,6.010000228881836,11.980406761169434,4.8307342529296875,2.531390428543091,12.261919021606445,1.9757139682769775,8.27938175201416,4.380204200744629,10.234627723693848
2005-05-13,4.341586589813232,16.649999618530273,21.7503719329834,24.926904678344727,25.723039627075195,345.9192199707031,8.718923568725586,8.01655387878418,18.50322914123535,25.52855110168457,13.787908554077148,39.24016189575195,28.092166900634766,31.295656204223633,46.21223831176758,53.19443893432617,3.933596134185791,8.711725234985352,9.819476127624512,9.026769638061523,25.138446807861328,9.35852336883545,6.019999980926514,11.919075012207031,4.843877792358398,2.522111177444458,12.179194450378418,2.0399999618530273,8.276782989501953,4.295151710510254,10.375337600708008
2005-05-16,4.392375469207764,16.950000762939453,21.8067626953125,25.023540496826172,25.880268096923828,350.3000793457031,9.00075912475586,7.900275707244873,18.56854248046875,25.510419845581055,13.953734397888184,40.440956115722656,28.58979606628418,30.603158950805664,46.13517761230469,54.48701858520508,3.923814058303833,8.770967483520508,9.859724044799805,9.09579849243164,25.788408279418945,9.26997184753418,6.150000095367432,12.143960952758789,4.870169639587402,2.5642879009246826,12.261919021606445,2.121428966522217,8.232646942138672,4.2356157302856445,10.397554397583008
2005-05-17,4.418710708618164,16.899999618530273,21.97593116760254,25.42519760131836,26.359827041625977,350.8898010253906,9.327327728271484,7.906736373901367,18.73650360107422,25.91122055053711,13.97800064086914,39.823402404785156,28.87071990966797,31.250986099243164,46.21223831176758,54.48701858520508,3.9874155521392822,8.685063362121582,9.89191722869873,9.150668144226074,26.838342666625977,9.21462631225586,6.199999809265137,12.143960952758789,4.929320812225342,2.5626003742218018,12.408987045288086,2.068571090698242,8.232646942138672,4.184582710266113,10.538263320922852
2005-05-18,4.4544525146484375,17.540000915527344,22.15315818786621,25.71210479736328,26.171142578125,349.2048645019531,9.68520736694336,7.99717378616333,18.848480224609375,27.701427459716797,14.066978454589844,40.56103515625,29.801780700683594,31.027599334716797,45.85261154174805,53.79102325439453,4.085266590118408,8.750234603881836,9.972404479980469,9.150668144226074,27.428306579589844,9.26997184753418,6.079999923706055,12.137147903442383,4.922747611999512,2.6402041912078857,12.307878494262695,2.2142860889434814,8.162548065185547,4.218605041503906,10.8270845413208
2005-05-19,4.463857173919678,17.5,22.507606506347656,25.609420776367188,26.084667205810547,347.85687255859375,9.752312660217285,8.01655387878418,19.008682250976562,27.093547821044922,14.180228233337402,40.25225830078125,30.443885803222656,31.340333938598633,45.98105239868164,53.5921745300293,4.158653259277344,8.809473037719727,9.89191722869873,9.14535903930664,26.498363494873047,9.469207763671875,6.039999961853027,11.721445083618164,5.001617908477783,2.6612913608551025,12.381410598754883,2.304286003112793,8.307936668395996,4.3461833000183105,10.849296569824219
2005-05-20,4.445046901702881,17.510000228881836,22.418991088867188,25.38593101501465,25.785930633544922,349.6260681152344,9.528635025024414,8.061769485473633,19.022817611694336,27.053483963012695,14.236851692199707,40.569610595703125,30.130859375,31.541385650634766,45.85261154174805,56.177310943603516,4.153762340545654,8.779855728149414,9.78728199005127,9.05685806274414,25.98839569091797,9.72931957244873,6.03000020980835,11.687374114990234,4.929320812225342,2.6452648639678955,12.4733304977417,2.2757139205932617,8.27938175201416,4.244119644165039,10.715997695922852
2005-05-23,4.458212852478027,17.43000030517578,22.19342803955078,25.250043869018555,25.880268096923828,353.5014343261719,9.546527862548828,8.042390823364258,19.088783264160156,26.68608283996582,14.29751968383789,40.05498504638672,30.588354110717773,30.826560974121094,46.21223831176758,56.37617492675781,4.207579135894775,8.847981452941895,9.71484375,9.132966041564941,26.07839012145996,10.083515167236328,6.199999809265137,11.571520805358887,4.929320812225342,2.6528570652008057,12.565248489379883,2.2214291095733643,8.328707695007324,4.142057418823242,10.738215446472168
2005-05-24,4.441283226013184,17.65999984741211,22.28204917907715,25.09601402282715,25.565811157226562,350.72125244140625,9.644948959350586,8.010090827941895,19.032249450683594,26.3120174407959,14.236851692199707,39.69474792480469,30.660594940185547,31.0499267578125,46.23793029785156,56.37617492675781,4.217362880706787,8.696914672851562,9.666550636291504,9.140048027038574,25.978395462036133,9.978362083435059,6.429999828338623,11.496557235717773,5.001617908477783,2.657073974609375,12.528483390808105,2.062856912612915,8.372843742370605,4.057004451751709,10.812272071838379
2005-05-25,4.429996490478516,17.760000228881836,22.27398681640625,24.93897247314453,25.078388214111328,349.71026611328125,9.394427299499512,7.984251499176025,19.098217010498047,26.19844627380371,14.3177490234375,39.763362884521484,29.801780700683594,30.335121154785156,45.672794342041016,56.07788848876953,4.1733317375183105,8.673213958740234,9.425088882446289,8.993141174316406,25.498424530029297,9.950689315795898,6.389999866485596,11.135372161865234,4.929320812225342,2.6402041912078857,12.399794578552246,2.0771429538726807,8.36246109008789,4.133553504943848,10.893733978271484
2005-05-26,4.4488091468811035,18.280000686645508,22.394832611083984,25.09601402282715,24.873987197875977,352.2377624511719,10.0117769241333,7.9584150314331055,18.867313385009766,26.378803253173828,14.29751968383789,40.05498504638672,30.0987548828125,31.519039154052734,46.13517761230469,57.56931686401367,4.24182653427124,8.773932456970215,9.57801342010498,9.046354293823242,25.828405380249023,10.19420051574707,6.550000190734863,11.162630081176758,5.014761924743652,2.657073974609375,12.454947471618652,2.0914289951324463,8.318323135375977,4.3291730880737305,11.078877449035645
2005-05-27,4.452569961547852,18.540000915527344,22.459270477294922,24.975210189819336,24.9727783203125,353.5068359375,9.88204574584961,7.99717378616333,19.032249450683594,26.519088745117188,14.342012405395508,40.063560485839844,30.36362648010254,31.452022552490234,45.621421813964844,59.35903549194336,4.232041835784912,8.907227516174316,9.618258476257324,9.087152481079102,25.88840103149414,10.138858795166016,6.420000076293945,11.149004936218262,4.9950456619262695,2.6984071731567383,12.445752143859863,2.078571081161499,8.315728187561035,4.677887439727783,11.649114608764648
